Title,Movie Link,Year,Duration,MPA,Rating,Votes,Description,budget,grossWorldWide,gross_US_Canada,opening_weekend_Gross,directors,writers,stars,genres,countries_origin,filming_locations,production_companies,Languages,wins,nominations,oscars,release_date
1. Cleopatra,https://www.imdb.com/title/tt0056937/?ref_=sr_t_1,1963,5h 20m,Approved,7.0,39K,Queen Cleopatra VII of Egypt experiences both triumph and tragedy as she attempts to resist the imperial ambitions of Rome.,44000000.0,57779280.0,57777778.0,,"['Joseph L. Mankiewicz', 'Rouben Mamoulian']","['Joseph L. Mankiewicz', 'Ranald MacDougall', 'Sidney Buchman']","['Elizabeth Taylor', 'Richard Burton', 'Rex Harrison']","['Desert Adventure', 'Docudrama', 'Historical Epic', 'Biography', 'Drama', 'History', 'Romance']","['United States', 'Switzerland']","['Ischia Island, Naples, Campania, Italy']","['Twentieth Century Fox', 'MCL Films S.A.', 'Walwa Films S.A.']",['English'],6,13,4,1963
2. It's a Mad Mad Mad Mad World,https://www.imdb.com/title/tt0057193/?ref_=sr_t_2,1963,3h 30m,Approved,7.5,48K,"Several different motorists witness a single car crash in the California desert and, after the driver's dying words indicate the location of a hidden stash of loot, turn against each other in a mad dash across the state to get to it.",9400000.0,46333064.0,46332858.0,,['Stanley Kramer'],"['William Rose', 'Tania Rose']","['Spencer Tracy', 'Milton Berle', 'Ethel Merman']","['Caper', 'Epic', 'Globetrotting Adventure', 'Road Trip', 'Screwball Comedy', 'Slapstick', 'Action', 'Adventure', 'Comedy', 'Crime']",['United States'],"['Portuguese Point, 5500 Palos Verdes Dr. S., Palos Verdes, California, USA']",['Casey Productions'],"['English', 'Chinese']",3,10,1,1963
3. From Russia with Love,https://www.imdb.com/title/tt0057076/?ref_=sr_t_3,1963,1h 55m,PG,7.3,150K,James Bond willingly falls into an assassination plot involving a naive Russian beauty in order to retrieve a Soviet encryption device that was stolen by the organization Spectre.,2000000.0,24811445.0,24796765.0,,['Terence Young'],"['Richard Maibaum', 'Johanna Harwood', 'Ian Fleming']","['Sean Connery', 'Robert Shaw', 'Lotte Lenya']","['Spy', 'Action', 'Adventure', 'Thriller']","['United Kingdom', 'United States']","['Yerebatan Saray Sarniçi, Sultanahmet Square, Sultanahmet, Istanbul, Turkey']",['Eon Productions'],"['English', 'Russian', 'Turkish', 'French', 'Romany', 'Italian']",3,6,0,1963
4. The Sword in the Stone,https://www.imdb.com/title/tt0057546/?ref_=sr_t_4,1963,1h 19m,G,7.1,110K,"A poor boy named Arthur learns the power of love, kindness, knowledge and bravery with the help of a wizard called Merlin in the path to become one of the most beloved kings in English history.",3000000.0,12000000.0,12000000.0,2230614.0,"['Wolfgang Reitherman', 'Clyde Geronimi', 'David Hand']","['Bill Peet', 'T.H. White']","['Rickie Sorensen', 'Sebastian Cabot', 'Karl Swenson']","['Hand-Drawn Animation', 'Adventure', 'Animation', 'Comedy', 'Family', 'Fantasy', 'Musical']",['United States'],[],"['Walt Disney Animation Studios', 'Walt Disney Productions']",['English'],0,0,1,1963
5. The Pink Panther,https://www.imdb.com/title/tt0057413/?ref_=sr_t_5,1963,1h 55m,Approved,7.0,59K,"The bumbling Inspector Clouseau travels to Rome to catch a notorious jewel thief known as ""The Phantom"" before he conducts his most daring heist yet: a princess' priceless diamond with one slight imperfection, known as ""The Pink Panther"".",3000000.0,10878166.0,10878107.0,,['Blake Edwards'],"['Maurice Richlin', 'Blake Edwards']","['David Niven', 'Peter Sellers', 'Robert Wagner']","['Caper', 'Farce', 'Slapstick', 'Comedy', 'Crime', 'Romance']",['United States'],"['Rocca di Papa, Rome, Lazio, Italy']",['Mirisch G-E Productions'],"['English', 'Italian', 'Greek']",4,8,1,1963
6. Contempt,https://www.imdb.com/title/tt0057345/?ref_=sr_t_6,1963,1h 42m,Not Rated,7.4,37K,"A French writer's marriage deteriorates while working on Fritz Lang's version of ""The Odyssey"", as his wife accuses him of using her to court favor with the film's brash American producer.",900000.0,1174678.0,1151804.0,14826.0,['Jean-Luc Godard'],"['Alberto Moravia', 'Jean-Luc Godard']","['Brigitte Bardot', 'Jack Palance', 'Michel Piccoli']","['Drama', 'Romance']","['France', 'Italy']","['Isle of Capri, Naples, Campania, Italy']","['Rome Paris Films', 'Les Films Concordia', 'Compagnia Cinematografica Champion']","['French', 'English', 'German', 'Italian']",0,0,0,1963
7. Bluff Master,https://www.imdb.com/title/tt0213524/?ref_=sr_t_7,1963,2h 15m,Not Rated,6.0,149,An inveterate con man falls in love and realizes the error of his ways after his mother comes to know the truth about him.,,3289047.0,722847.0,160385.0,['Manmohan Desai'],"['Manmohan Desai', 'Madhusudan Kalelkar', 'Rajendra Krishan']","['Shammi Kapoor', 'Saira Banu', 'Niranjan Sharma']","['Comedy', 'Drama', 'Romance']",['India'],"['R.K. Studios, Chembur, Mumbai, Maharashtra, India']",['Subhash Pictures'],['Hindi'],0,0,0,1963
8. 8½,https://www.imdb.com/title/tt0056801/?ref_=sr_t_8,1963,2h 18m,Not Rated,8.0,128K,A harried movie director retreats into his memories and fantasies.,,200502.0,98760.0,11947.0,['Federico Fellini'],"['Federico Fellini', 'Ennio Flaiano', 'Tullio Pinelli']","['Marcello Mastroianni', 'Anouk Aimée', 'Claudia Cardinale']","['Epic', 'Psychological Drama', 'Showbiz Drama', 'Drama']","['Italy', 'France']","['Tivoli, Rome, Lazio, Italy']","['Cineriz', 'Francinex']","['Italian', 'French', 'English', 'German']",19,9,2,1963
9. Bay of Angels,https://www.imdb.com/title/tt0056846/?ref_=sr_t_9,1963,1h 30m,Not Rated,7.2,4.4K,"Jean is a clerk in a bank. His colleague Caron is a gambler and gives him the virus. In the casinos, Jean meets Jackie. Their love affair will follow their luck at the roulette.",,85840.0,85840.0,,['Jacques Demy'],['Jacques Demy'],"['Jeanne Moreau', 'Claude Mann', 'Paul Guers']","['Drama', 'Romance']","['France', 'Monaco']","['Hotel de Paris, Place du Casino, Monte Carlo, Monaco']",['Sud-Pacifique Films'],['French'],0,0,0,1963
10. The Boom,https://www.imdb.com/title/tt0056883/?ref_=sr_t_10,1963,1h 28m,,7.1,1.4K,During the economic boom of Italy a man tries desperately to maintain a high standard of living for his family.,,57962.0,57962.0,8164.0,['Vittorio De Sica'],['Cesare Zavattini'],"['Alberto Sordi', 'Gianna Maria Canale', 'Elena Nicolai']",['Comedy'],['Italy'],"['Rome, Lazio, Italy']",['Dino de Laurentiis Cinematografica'],['Italian'],0,0,0,1963
11. Le joli mai,https://www.imdb.com/title/tt0057202/?ref_=sr_t_11,1963,2h 45m,Not Rated,7.8,902,"Chris Marker and Pierre Lhomme's LE JOLI MAI (The Lovely Month of May) is a portrait of Paris and Parisians during May 1962, the first springtime of peace after the ceasefire with Algeria and the first time in 23 years that France was not involved in any war.",,55038.0,55038.0,10662.0,"['Chris Marker', 'Pierre Lhomme']","['Chris Marker', 'Catherine Winter']","['Chris Marker', 'Yves Montand', 'Simone Signoret']",['Documentary'],['France'],"['Paris, France']",['Sofracima'],['French'],2,0,0,1963
12. High and Low,https://www.imdb.com/title/tt0057565/?ref_=sr_t_12,1963,2h 23m,Not Rated,8.4,58K,An executive of a Yokohama shoe company becomes a victim of extortion when his chauffeur's son is kidnapped by mistake and held for ransom.,230000000.0,64215.0,46808.0,15942.0,['Akira Kurosawa'],"['Hideo Oguni', 'Ryûzô Kikushima', 'Eijirô Hisaita']","['Toshirô Mifune', 'Yutaka Sada', 'Tatsuya Nakadai']","['Police Procedural', 'Crime', 'Drama', 'Mystery', 'Thriller']",['Japan'],"['Toho Studios, Tokyo, Japan']","['Toho', 'Kurosawa Production Co.']",['Japanese'],3,3,0,1963
13. The Servant,https://www.imdb.com/title/tt0057490/?ref_=sr_t_13,1963,1h 56m,Unrated,7.8,15K,"Upper-class Tony hires servant Hugo Barrett, who turns out to have a hidden agenda.",,75720.0,45522.0,7859.0,['Joseph Losey'],"['Harold Pinter', 'Robin Maugham']","['Dirk Bogarde', 'Sarah Miles', 'Wendy Craig']","['Psychological Drama', 'Drama']",['United Kingdom'],"['30 Royal Avenue, Chelsea, London, England, UK']",['Springbok Productions'],['English'],8,11,0,1963
14. The Little Soldier,https://www.imdb.com/title/tt0054177/?ref_=sr_t_14,1963,1h 28m,Not Rated,7.1,8.4K,"During the Algerian War, a man and woman from opposing sides fall in love with one another.",180000.0,24296.0,24296.0,6848.0,['Jean-Luc Godard'],['Jean-Luc Godard'],"['Anna Karina', 'Michel Subor', 'Henri-Jacques Huet']","['Political Drama', 'Drama', 'War']",['France'],"['Geneva, Canton de Genève, Switzerland']","['Les Productions Georges de Beauregard', 'Société Nouvelle de Cinématographie (SNC)']","['French', 'German']",0,0,0,1963
15. The Great Escape,https://www.imdb.com/title/tt0057115/?ref_=sr_t_15,1963,2h 52m,Approved,8.2,266K,"Allied officers in a German prisoner of war camp during World War II making a daring plan for a mass escape by hundreds of their men, hoping to draw German personnel and resources away from combat operations.",4000000.0,230637.0,,,['John Sturges'],"['Paul Brickhill', 'James Clavell', 'W.R. Burnett']","['Steve McQueen', 'James Garner', 'Richard Attenborough']","['Period Drama', 'Prison Drama', 'War Epic', 'Adventure', 'Drama', 'Thriller', 'War']",['United States'],"['Füssen, Bavaria, Germany']","['The Mirisch Company', 'Alpha Productions']","['English', 'German', 'French', 'Russian', 'Spanish']",3,12,1,1963
16. Tom Jones,https://www.imdb.com/title/tt0057590/?ref_=sr_t_16,1963,2h 9m,Not Rated,6.4,15K,The romantic and chivalrous adventures of adopted bastard Tom Jones in 18th-century England.,1000000.0,,,,['Tony Richardson'],"['John Osborne', 'Henry Fielding']","['Albert Finney', 'Susannah York', 'George Devine']","['Farce', 'Adventure', 'Comedy', 'History', 'Romance']",['United Kingdom'],"['Castle Street, Bridgwater, Somerset, England, UK']",['Woodfall Film Productions'],['English'],20,20,4,1963
17. Hud,https://www.imdb.com/title/tt0057163/?ref_=sr_t_17,1963,1h 52m,Approved,7.8,25K,"Honest, hard-working Texas rancher Homer Bannon has a conflict with his unscrupulous, selfish, arrogant, egotistical son Hud, who sank into alcoholism after accidentally killing his brother in a car crash.",2500000.0,,,,['Martin Ritt'],"['Irving Ravetch', 'Harriet Frank Jr.', 'Larry McMurtry']","['Paul Newman', 'Melvyn Douglas', 'Patricia Neal']","['Contemporary Western', 'Drama', 'Western']",['United States'],"['Goodnight, Texas, USA']",['Salem-Dover Productions'],['English'],17,17,3,1963
18. The Birds,https://www.imdb.com/title/tt0056869/?ref_=sr_t_18,1963,1h 59m,PG-13,7.6,211K,A wealthy San Francisco socialite pursues a potential boyfriend to a small Northern California town that slowly takes a turn for the bizarre when birds of all kinds suddenly begin to attack people.,2500000.0,54531.0,,,['Alfred Hitchcock'],"['Daphne Du Maurier', 'Evan Hunter', 'Jeanne Saintenoy']","['Rod Taylor', 'Tippi Hedren', 'Jessica Tandy']","['Survival', 'Drama', 'Horror', 'Mystery', 'Romance']",['United States'],"['835 Bay Hwy, Bodega Bay, California, USA']","['Alfred J. Hitchcock Productions', 'Universal Pictures']","['English', 'Latin']",5,7,1,1963
19. Charade,https://www.imdb.com/title/tt0056923/?ref_=sr_t_19,1963,1h 53m,Approved,7.8,89K,Romance and intrigue ensue in Paris as a woman is pursued by several men who want to get their hands on a fortune her murdered husband had stolen. She soon loses trust in those who claim they want to help her.,3000000.0,175119.0,,,['Stanley Donen'],"['Peter Stone', 'Marc Behm', 'Jeanne Saintenoy']","['Cary Grant', 'Audrey Hepburn', 'Walter Matthau']","['Cozy Mystery', 'Romantic Comedy', 'Comedy', 'Mystery', 'Romance', 'Thriller']",['United States'],"[""Hôtel du Mont d'Arbois, Megève, Haute-Savoie, France""]",['Stanley Donen Films'],"['English', 'French', 'German', 'Italian', 'Spanish']",4,9,1,1963
20. The Leopard,https://www.imdb.com/title/tt0057091/?ref_=sr_t_20,1963,3h 6m,PG,7.9,31K,"The Prince of Salina, a noble aristocrat of impeccable integrity, tries to preserve his family and class amid the tumultuous social upheavals of 1860s Sicily.",2900000000.0,211804.0,,,['Luchino Visconti'],"['Giuseppe Tomasi di Lampedusa', ""Suso Cecchi D'Amico"", 'Pasquale Festa Campanile']","['Burt Lancaster', 'Alain Delon', 'Claudia Cardinale']","['Epic', 'Historical Epic', 'Period Drama', 'Drama', 'History']","['Italy', 'France']","['Palazzo Valguarnera Gangi, Piazza Croce dei Vespri, Palermo, Sicily, Italy']","['Titanus', 'Société Nouvelle Pathé Cinéma', 'Société Générale de Cinématographie (S.G.C.)']","['Italian', 'Latin', 'French']",10,6,1,1963
21. Jason and the Argonauts,https://www.imdb.com/title/tt0057197/?ref_=sr_t_21,1963,1h 44m,G,7.3,32K,The legendary Greek hero leads a team of intrepid adventurers in a perilous quest for the legendary Golden Fleece.,2500000.0,479.0,,,['Don Chaffey'],"['Jan Read', 'Beverley Cross', 'Apollonios Rhodios']","['Todd Armstrong', 'Nancy Kovack', 'Gary Raymond']","['Globetrotting Adventure', 'Quest', 'Sword & Sandal', 'Action', 'Adventure', 'Family', 'Fantasy']","['United Kingdom', 'United States']","['Salerno, Campania, Italy']",['Charles H. Schneer Productions'],['English'],0,0,0,1963
22. Irma la Douce,https://www.imdb.com/title/tt0057187/?ref_=sr_t_22,1963,2h 27m,Approved,7.3,22K,"When a policeman falls in love with a prostitute, he doesn't want her to see other men, so he creates an alter-ego who will be her only customer.",5000000.0,52.0,,,['Billy Wilder'],"['Alexandre Breffort', 'Billy Wilder', 'I.A.L. Diamond']","['Jack Lemmon', 'Shirley MacLaine', 'Lou Jacobi']","['Farce', 'Satire', 'Comedy', 'Romance']",['United States'],"['Samuel Goldwyn Studios - 7200 Santa Monica Boulevard, West Hollywood, California, USA']","['Phalanx Productions', 'The Mirisch Corporation']",['English'],6,7,1,1963
23. McLintock!,https://www.imdb.com/title/tt0057298/?ref_=sr_t_23,1963,2h 6m,Approved,7.1,17K,"Wealthy rancher G. W. McLintock uses his power and influence in the territory to keep the peace between farmers, ranchers, land-grabbers, Indians and corrupt government officials.",2000000.0,,,,['Andrew V. McLaglen'],['James Edward Grant'],"['John Wayne', ""Maureen O'Hara"", 'Patrick Wayne']","['Slapstick', 'Comedy', 'Western']",['United States'],"['Old Tucson - 201 S. Kinney Road, Tucson, Arizona, USA']",['Batjac Productions'],"['English', 'Chinese', 'Navajo']",2,0,0,1963
24. Bye Bye Birdie,https://www.imdb.com/title/tt0056891/?ref_=sr_t_24,1963,1h 52m,G,6.6,9.6K,"A rock singer travels to a small Ohio town to make his ""farewell"" television performance and kiss his biggest fan before he is drafted.",,,13129412.0,,['George Sidney'],"['Michael Stewart', 'Irving Brecher', 'George Sidney']","['Dick Van Dyke', 'Ann-Margret', 'Janet Leigh']","['Farce', 'Rock Musical', 'Comedy', 'Musical']",['United States'],"['Courthouse Square, Backlot, Universal Studios - 100 Universal City Plaza, Universal City, California, USA']",['Kohlmar-Sidney Productions'],"['English', 'Russian', 'Cantonese']",0,7,2,1963
25. The Haunting,https://www.imdb.com/title/tt0057129/?ref_=sr_t_25,1963,1h 52m,G,7.4,44K,"Hill House has stood for about 90 years and appears haunted: its inhabitants have always met strange, tragic ends. Now Dr. John Markway has assembled a team of people who he thinks will prove whether or not the house is haunted.",1400000.0,847.0,,,['Robert Wise'],"['Nelson Gidding', 'Shirley Jackson']","['Julie Harris', 'Claire Bloom', 'Richard Johnson']","['Supernatural Horror', 'Horror']",['United Kingdom'],"['Ettington Park Hotel, Alderminster, Stratford-upon-Avon, Warwickshire, England, UK']",['Argyle Enterprises'],['English'],2,2,0,1963
26. The Gun Hawk,https://www.imdb.com/title/tt0057121/?ref_=sr_t_26,1963,1h 32m,Approved,5.9,492,"When his town-drunk father is killed by the Sully brothers, gunfighter Blaine Madden exacts his revenge but has to flee, aided by a young aspiring gunslinger, when the sheriff tries to arrest him.",,,,,['Edward Ludwig'],"['Jo Heims', 'Richard Bernstein', 'Max Steeber']","['Rory Calhoun', 'Rod Cameron', 'Ruta Lee']","['Classical Western', 'Western']",['United States'],"['Bronson Caves, Bronson Canyon, Griffith Park - 4730 Crystal Springs Drive, Los Angeles, California, USA']",['Bern-Field Productions'],['English'],0,0,0,1963
27. Donovan's Reef,https://www.imdb.com/title/tt0057007/?ref_=sr_t_27,1963,1h 49m,Approved,6.7,10K,"In an ideal society on a picturesque South Seas isle, diverse people live in harmony until an outsider disrupts the balance.",2686585.0,,,,['John Ford'],"['Frank S. Nugent', 'James Edward Grant', 'Edmund Beloin']","['John Wayne', 'Lee Marvin', 'Elizabeth Allen']","['Adventure', 'Comedy', 'Romance']",['United States'],"[""Waimea Canyon, Kaua'i, Hawaii, USA""]",['John Ford Productions'],"['English', 'French']",0,0,0,1963
28. Black Sabbath,https://www.imdb.com/title/tt0057603/?ref_=sr_t_28,1963,1h 37m,Approved,7.0,15K,"Boris Karloff hosts a trio of horror stories about a stalked call girl, a vampire-like monster who preys on his family, and a nurse who is haunted by her ring's rightful owner.",,,,,['Mario Bava'],"['Anton Chekhov', 'Aleksei Tolstoy', 'Guy de Maupassant']","['Michèle Mercier', 'Lidia Alfonsi', 'Boris Karloff']",['Horror'],"['Italy', 'France']","['Titanus Farnesina Studios, Rome, Lazio, Italy']","['Emmepi Cinematografica', 'Societé Cinématographique Lyre', 'Galatea Film']",['Italian'],2,0,0,1963
29. Lord of the Flies,https://www.imdb.com/title/tt0057261/?ref_=sr_t_29,1963,1h 32m,Not Rated,6.9,21K,Schoolboys marooned on a Pacific island create their own savage civilization.,250000.0,,,,['Peter Brook'],"['William Golding', 'Peter Brook']","['James Aubrey', 'Tom Chapin', 'Hugh Edwards']","['Survival', 'Adventure', 'Drama', 'Thriller']","['United Kingdom', 'United States']","['The Island of Vieques, Puerto Rico']","['Allen-Hodgdon Productions', 'Lord of the Flies Company', 'Two Arts Ltd.']","['English', 'Latin']",0,0,0,1963
30. This Sporting Life,https://www.imdb.com/title/tt0057578/?ref_=sr_t_30,1963,2h 14m,Not Rated,7.5,7.3K,"Despite success on the field, a rising rugby star senses the emerging emptiness of his life as his inner angst begins to materialize through aggression and brutality, so he attempts to woo his landlady in hopes of finding reason to live.",,813.0,,,['Lindsay Anderson'],['David Storey'],"['Richard Harris', 'Rachel Roberts', 'Alan Badel']","['Drama', 'Sport']",['United Kingdom'],"['Bolton Priory, Bolton Abbey, Skipton, North Yorkshire, England, UK']","['Independent Artists', 'Julian Wintle/Leslie Parkyn Productions']",['English'],4,10,2,1963
"31. Yesterday, Today and Tomorrow",https://www.imdb.com/title/tt0057171/?ref_=sr_t_31,1963,1h 59m,Not Rated,7.2,11K,Stories about three very different women and the men they attract.,,,,,['Vittorio De Sica'],"['Eduardo De Filippo', 'Isabella Quarantotti', 'Alberto Moravia']","['Sophia Loren', 'Marcello Mastroianni', 'Aldo Giuffrè']","['Comedy', 'Romance']","['Italy', 'France']","['Piazza Navona, Rome, Lazio, Italy']","['Compagnia Cinematografica Champion', 'Les Films Concordia']",['Italian'],8,3,1,1963
32. Unearthly Stranger,https://www.imdb.com/title/tt0057623/?ref_=sr_t_32,1963,1h 18m,,6.4,1K,"Mysterious woman marries government scientist Davidson despite his lack of knowledge about her past. His bosses are suspicious of her unusual traits. After it's clear she does love Davidson, the pair come under attack.",,,,,['John Krish'],"['Rex Carlton', 'Jeffrey Stone']","['John Neville', 'Philip Stone', 'Gabriella Licudi']","['Horror', 'Mystery', 'Sci-Fi']",['United Kingdom'],"['Independent Artists Studios, Beaconsfield, Buckinghamshire, England, UK']",['Independent Artists'],['English'],0,0,0,1963
33. Lilies of the Field,https://www.imdb.com/title/tt0057251/?ref_=sr_t_33,1963,1h 34m,Approved,7.5,14K,A travelling handyman becomes the answer to the prayers of nuns who wish to build a chapel in the desert.,240000.0,,,,['Ralph Nelson'],"['James Poe', 'William E. Barrett']","['Sidney Poitier', 'Lilia Skala', 'Lisa Mann']",['Drama'],['United States'],"['Tucson, Arizona, USA']",['Rainbow Productions'],"['English', 'German', 'Spanish']",13,13,1,1963
34. Promises..... Promises!,https://www.imdb.com/title/tt0057428/?ref_=sr_t_34,1963,1h 15m,Not Rated,5.0,689,"After a drunken spree on a cruise ship, two women discover that they're pregnant, and set out to find who the fathers are.",300000.0,,,,['King Donovan'],"['William Welch', 'Tommy Noonan', 'Edna Sheklow']","['Jayne Mansfield', 'Tommy Noonan', 'Marie McDonald']","['Comedy', 'Drama', 'Romance']",['United States'],['S.S. Independence'],['Noonan-Taylor Production'],['English'],0,0,0,1963
35. The Silence,https://www.imdb.com/title/tt0057611/?ref_=sr_t_35,1963,1h 36m,R,7.7,22K,"Two estranged sisters, Ester and Anna, and Anna's 10-year-old son travel to the Central European country on the verge of war. Ester becomes seriously ill and the three of them move into a hotel in a small town called Timoka.",,14199.0,,,['Ingmar Bergman'],['Ingmar Bergman'],"['Ingrid Thulin', 'Gunnel Lindblom', 'Birger Malmsten']",['Drama'],['Sweden'],"['Svensk Filmindustri, Filmstaden, Råsunda, Stockholms län, Sweden']",['Svensk Filmindustri (SF)'],"['Swedish', 'English', 'German', 'French', 'Spanish']",3,2,0,1963
36. The Nutty Professor,https://www.imdb.com/title/tt0057372/?ref_=sr_t_36,1963,1h 47m,Approved,6.6,20K,A timid chemistry teacher discovers a magical potion that can transform him into a suave and handsome womanizer.,,54.0,,,['Jerry Lewis'],"['Jerry Lewis', 'Bill Richmond']","['Jerry Lewis', 'Stella Stevens', 'Del Moore']","['Satire', 'Slapstick', 'Comedy', 'Romance', 'Sci-Fi']",['United States'],"['Arizona State University, Tempe, Arizona, USA']","['Paramount Pictures', 'Jerry Lewis Films']",['English'],0,0,0,1963
37. The Kiss of the Vampire,https://www.imdb.com/title/tt0057226/?ref_=sr_t_37,1963,1h 28m,Approved,6.2,4.1K,"When car trouble strands a honeymooning couple in a small Southern European village, an aristocratic family in the area reaches out to help them with sinister consequences.",,,,,['Don Sharp'],['Anthony Hinds'],"['Clifford Evans', 'Edward de Souza', 'Noel Willman']",['Horror'],['United Kingdom'],"['Black Park, Iver Heath, Buckinghamshire, England, UK']",['Hammer Films'],"['English', 'Latin']",0,0,0,1963
38. The Day of the Triffids,https://www.imdb.com/title/tt0055894/?ref_=sr_t_38,1963,1h 33m,Approved,6.1,9.3K,"After an unusual meteor shower leaves most of the human population blind, a merchant navy officer must find a way to conquer tall, aggressive plants which are feeding on people and animals.",750000.0,,,,"['Steve Sekely', 'Freddie Francis']","['Bernard Gordon', 'Philip Yordan', 'John Wyndham']","['Howard Keel', 'Nicole Maurey', 'Janette Scott']","['Alien Invasion', 'Horror', 'Sci-Fi']",['United Kingdom'],"['Poble Espanyol, Barcelona, Catalonia, Spain']","['Allied Artists Pictures', 'Security Pictures Ltd.']",['English'],0,0,0,1963
39. Winter Light,https://www.imdb.com/title/tt0057358/?ref_=sr_t_39,1963,1h 21m,Not Rated,8.0,28K,A small-town priest struggles with his faith.,,8894.0,,,['Ingmar Bergman'],['Ingmar Bergman'],"['Ingrid Thulin', 'Gunnar Björnstrand', 'Gunnel Lindblom']",['Drama'],['Sweden'],"['Svensk Filmindustri, Filmstaden, Råsunda, Stockholms län, Sweden']",['Svensk Filmindustri (SF)'],['Swedish'],3,0,0,1963
40. Dementia 13,https://www.imdb.com/title/tt0056983/?ref_=sr_t_40,1963,1h 15m,Unrated,5.7,9.5K,"A scheming widow hatches a bold plan to acquire her late husband's inheritance, unaware that she is being targeted by an ax murderer who lurks in the family's estate.",40000.0,,,,['Francis Ford Coppola'],"['Francis Ford Coppola', 'Jack Hill', 'Al Locatelli']","['William Campbell', 'Luana Anders', 'Bart Patton']","['Slasher Horror', 'Horror', 'Thriller']","['United States', 'Ireland']","['Howth Castle, Howth, Fingal, County Dublin, Ireland']",['Roger Corman Productions'],['English'],0,0,0,1963
41. The Raven,https://www.imdb.com/title/tt0057449/?ref_=sr_t_41,1963,1h 26m,G,6.5,14K,"A magician, who has been turned into a raven, turns to a former sorcerer for help.",200000.0,62.0,,,['Roger Corman'],"['Edgar Allan Poe', 'Richard Matheson']","['Vincent Price', 'Peter Lorre', 'Boris Karloff']","['B-Horror', 'Dark Comedy', 'Dark Fantasy', 'Supernatural Fantasy', 'Comedy', 'Drama', 'Fantasy', 'Horror']",['United States'],"['Los Angeles, California, USA']",['Alta Vista Productions'],['English'],0,0,0,1963
42. Fun in Acapulco,https://www.imdb.com/title/tt0057083/?ref_=sr_t_42,1963,1h 37m,PG,5.8,3.9K,"A yacht owner's spoiled daughter gets Mike fired, but a boy helps him get a job as singer at Acapulco Hilton etc. He upsets the lifeguard by taking his girl and 3 daily work hours. Mike's also seeing a woman bullfighter.",,,6758000.0,,['Richard Thorpe'],['Allan Weiss'],"['Elvis Presley', 'Ursula Andress', 'Elsa Cárdenas']","['Comedy', 'Music']",['United States'],"['Acapulco, Guerrero, Mexico']",['Wallis-Hazen'],['English'],0,0,0,1963
43. The Terror,https://www.imdb.com/title/tt0057569/?ref_=sr_t_43,1963,1h 21m,TV-PG,5.1,8.9K,"A young French soldier cut off from his unit is beguiled by a mysterious woman, whom he learns is the wife of the local Baron - and that she seemingly died twenty years earlier.",,,,,"['Roger Corman', 'Francis Ford Coppola', 'Jack Hale']","['Leo Gordon', 'Jack Hill', 'Roger Corman']","['Boris Karloff', 'Jack Nicholson', 'Sandra Knight']","['Supernatural Horror', 'Horror', 'Thriller']",['United States'],"['Point Lobos State Natural Reserve, California, USA']",['Roger Corman Productions'],['English'],0,0,0,1963
44. PT 109,https://www.imdb.com/title/tt0057393/?ref_=sr_t_44,1963,2h 20m,Approved,6.6,3.1K,President John F. Kennedy kept a unique inauguration gift on his desk: a plastic-encased coconut. The tale of that coconut is the heroic story of PT 109.,4000000.0,,,,['Leslie H. Martinson'],"['Richard L. Breen', 'Howard Sheehan', 'Vincent X. Flaherty']","['Cliff Robertson', 'Robert Culp', 'Ty Hardin']","['Biography', 'Drama', 'War']",['United States'],"['Little Palm Island, Florida, USA']",['Warner Bros.'],"['English', 'Japanese']",0,0,0,1963
45. 55 Days at Peking,https://www.imdb.com/title/tt0056800/?ref_=sr_t_45,1963,2h 34m,Unrated,6.7,7.7K,"During the 1900 Boxer Rebellion, U.S. marine, Maj. Matt Lewis, along with British consul, Sir Arthur Robertson, develop a plan to keep the rebels at bay until an international military relief force can arrive.",9000000.0,,,,"['Nicholas Ray', 'Guy Green', 'Andrew Marton']","['Robert Hamer', 'Philip Yordan', 'Bernard Gordon']","['Charlton Heston', 'Ava Gardner', 'David Niven']","['Action', 'Adventure', 'Drama', 'History', 'War']",['United States'],"['Valencia, Comunidad Valenciana, Spain']",['Samuel Bronston Productions'],['English'],0,5,2,1963
46. The Incredible Journey,https://www.imdb.com/title/tt0057180/?ref_=sr_t_46,1963,1h 20m,G,7.0,5.4K,Two dogs and a cat set off on a treacherous 200-mile journey towards home.,,,,,['Fletcher Markle'],"['James Algar', 'Sheila Burnford']","['Émile Genest', 'John Drainie', 'Tommy Tweed']","['Animal Adventure', 'Adventure', 'Drama', 'Family']","['Canada', 'United States']","['Mono Mills, Ontario, Canada']","['Cangary', 'Walt Disney Productions']",['English'],0,0,0,1963
47. The Evil Eye,https://www.imdb.com/title/tt0057443/?ref_=sr_t_47,1963,1h 26m,Not Rated,6.9,5.8K,"A mystery novel-loving American tourist witnesses a murder in Rome, and soon finds herself and her suitor caught up in a series of killings.",,,,,['Mario Bava'],"['Ennio De Concini', 'Sergio Corbucci', 'Eliana de Sabata']","['John Saxon', 'Letícia Román', 'Valentina Cortese']","['Dark Comedy', 'Giallo', 'Slasher Horror', 'Horror', 'Mystery', 'Romance', 'Thriller']",['Italy'],"['Foro Italico Stadium, Foro Italico, Monte Mario, Rome, Lazio, Italy']","['Galatea Film', 'Coronet s.r.l.']","['Italian', 'English']",0,0,0,1963
48. Horror Castle,https://www.imdb.com/title/tt0057646/?ref_=sr_t_48,1963,1h 24m,Unrated,5.8,1.3K,"Women are being tortured to death with various torture devices in the dungeon of an old castle by a deformed, hooded, holocaust survivor.",,,,,['Antonio Margheriti'],"['Frank Bogart', 'Ernesto Gastaldi', 'Edmond T. Gréville']","['Rossana Podestà', 'Georges Rivière', 'Christopher Lee']",['Horror'],['Italy'],"['Incir De Paolis Studios, Rome, Lazio, Italy']",['Atlantica Cinematografica Produzione Films'],['Italian'],0,0,0,1963
49. Love with the Proper Stranger,https://www.imdb.com/title/tt0057263/?ref_=sr_t_49,1963,1h 42m,Approved,7.2,5.7K,A salesclerk at Macy's department store finds herself pregnant after a one-night stand with a musician who does not even remember her.,8500000.0,,,,['Robert Mulligan'],['Arnold Schulman'],"['Natalie Wood', 'Steve McQueen', 'Edie Adams']","['Comedy', 'Drama', 'Romance']",['United States'],"['131 East 10th Street, Manhattan, New York City, New York, USA']","['Pakula-Mulligan', 'Boardwalk Productions', 'Rona']","['English', 'Italian']",0,11,5,1963
50. Toys in the Attic,https://www.imdb.com/title/tt0057598/?ref_=sr_t_50,1963,1h 30m,Not Rated,6.7,1.4K,"Julian Berniers and his bride Lily leave Chicago to visit his two spinster sisters, Carrie and Anna, in New Orleans but Lily's jealousy combined with Carrie's possessiveness of Julian threaten to destroy the whole family.",2100000.0,,,,['George Roy Hill'],"['Lillian Hellman', 'James Poe']","['Dean Martin', 'Geraldine Page', 'Yvette Mimieux']",['Drama'],['United States'],"['Louisiana, USA']","['Meadway-Claude Productions Company (I) (II)', 'The Mirisch Corporation']","['English', 'French']",0,3,1,1963
51. King Kong vs. Godzilla,https://www.imdb.com/title/tt0056142/?ref_=sr_t_51,1963,1h 31m,Approved,5.7,12K,"A UN reporter covers the appearance of a prehistoric monster that emerges from hibernation, while a pharmaceutical company seeks publicity with a monster of their own.",200000.0,,,,"['Ishirô Honda', 'Tom Montgomery']","[""Shin'ichi Sekizawa"", 'Paul Mason', 'Bruce Howard']","['Tadao Takashima', 'Kenji Sahara', 'Yû Fujiki']","['Dinosaur Adventure', 'Disaster', 'Kaiju', 'Parody', 'Quirky Comedy', 'Satire', 'Slapstick', 'Supernatural Fantasy', 'Urban Adventure', 'Action']","['Japan', 'United States']","['Tokyo, Japan']","['Toho', 'John Beck', 'RKO General Pictures']",['English'],0,0,0,1963
"52. Take Her, She's Mine",https://www.imdb.com/title/tt0057556/?ref_=sr_t_52,1963,1h 38m,Approved,6.2,1.5K,A father's attempts to protect his college-age daughter from trouble backfire and he finds himself in the middle of scandal after scandal.,2435000.0,,,,['Henry Koster'],"['Phoebe Ephron', 'Henry Ephron', 'Nunnally Johnson']","['James Stewart', 'Sandra Dee', 'Audrey Meadows']",['Comedy'],['United States'],"['Los Angeles International Airport - 1 World Way, Los Angeles, California, USA']",['Twentieth Century Fox'],"['English', 'French']",0,2,0,1963
53. The Haunted Palace,https://www.imdb.com/title/tt0057128/?ref_=sr_t_53,1963,1h 27m,Approved,6.7,9K,Charles Dexter Ward arrives at a small village to visit the house he inherited from his ancestor who died there 100 years ago.,,42.0,,,['Roger Corman'],"['Charles Beaumont', 'Edgar Allan Poe', 'H.P. Lovecraft']","['Vincent Price', 'Debra Paget', 'Lon Chaney Jr.']",['Horror'],['United States'],"['Virginia, USA']",['Alta Vista Productions'],['English'],0,0,0,1963
54. The Cardinal,https://www.imdb.com/title/tt0056907/?ref_=sr_t_54,1963,2h 55m,Approved,6.7,3K,"A young Catholic priest from Boston confronts bigotry, Nazism, and his own personal conflicts as he rises to the office of cardinal.",,,,,['Otto Preminger'],"['Robert Dozier', 'Henry Morton Robinson', 'Ring Lardner Jr.']","['Tom Tryon', 'John Huston', 'Romy Schneider']","['Drama', 'History', 'War']",['United States'],"['Lynn, Massachusetts, USA']",['Otto Preminger Films'],"['English', 'German', 'Latin']",3,13,6,1963
55. Any Number Can Win,https://www.imdb.com/title/tt0057344/?ref_=sr_t_55,1963,1h 58m,,7.3,4.8K,"A career con artist reunites with his wife but has already planned his next move: one daring last heist that will set him up for life. However, there is no such thing as a foolproof plan.",,,1000000.0,,['Henri Verneuil'],"['Michel Audiard', 'Zekial Marko', 'Albert Simonin']","['Jean Gabin', 'Alain Delon', 'Claude Cerval']","['Caper', 'Crime', 'Drama', 'Romance']","['France', 'Italy']","['Cannes, Alpes-Maritimes, France']","['Compagnie Internationale de Productions Cinématographiques (CIPRA)', 'Cité Films', 'Compagnia Cinematografica Mondiale (CCM)']","['French', 'English']",3,0,0,1963
56. Spencer's Mountain,https://www.imdb.com/title/tt0057523/?ref_=sr_t_56,1963,1h 58m,Approved,7.0,3.3K,Grand Teton quarryman and family patriarch carefully navigates issues of religion and education in order to eke out a brighter future for his family.,,,,,['Delmer Daves'],"['Delmer Daves', 'Earl Hamner Jr.']","['Henry Fonda', ""Maureen O'Hara"", 'James MacArthur']","['Drama', 'Family']",['United States'],"['Grand Teton National Park, Wyoming, USA']",['Warner Bros.'],"['English', 'Latin']",0,0,0,1963
57. Billy Liar,https://www.imdb.com/title/tt0056868/?ref_=sr_t_57,1963,1h 38m,Not Rated,7.2,7.3K,"A lazy, irresponsible young clerk (Sir Tom Courtenay) in provincial Northern England lives in his own fantasy world and makes emotionally immature decisions as he alienates friends and family.",236809.0,29153.0,,,['John Schlesinger'],"['Keith Waterhouse', 'Willis Hall']","['Tom Courtenay', 'Julie Christie', 'Wilfred Pickles']","['Comedy', 'Drama', 'Romance']",['United Kingdom'],"['37 Hinchliffe Avenue, Baildon, Shipley, Bradford, West Yorkshire, England, UK']","['Vic Films Productions', 'Waterhall Productions']",['English'],0,7,0,1963
58. It Happened at the World's Fair,https://www.imdb.com/title/tt0057191/?ref_=sr_t_58,1963,1h 45m,Approved,6.0,3.3K,"Mike and Danny hitch a ride to the World's Fair in Seattle after the sheriff seizes their crop duster biplane to cover Danny's gambling debts. Mike looks after the driver's 7 y.o. niece at the fair, where he meets a cute nurse.",,,5450000.0,,['Norman Taurog'],"['Si Rose', 'Seaman Jacobs']","['Elvis Presley', ""Joan O'Brien"", 'Gary Lockwood']","['Comedy', 'Musical', 'Romance']",['United States'],"['Space Needle - 400 Broad Street, Seattle Center, Seattle, Washington, USA']","['Metro-Goldwyn-Mayer (MGM)', 'Ted Richmond Productions']","['English', 'Mandarin']",0,0,0,1963
"59. Move Over, Darling",https://www.imdb.com/title/tt0057329/?ref_=sr_t_59,1963,1h 43m,Approved,6.9,6.7K,"After being lost at sea for several years, a missing wife thought long dead returns just after her husband has remarried.",3350000.0,,,,['Michael Gordon'],"['Hal Kanter', 'Jack Sher', 'Bella Spewack']","['Doris Day', 'James Garner', 'Polly Bergen']","['Romantic Comedy', 'Screwball Comedy', 'Slapstick', 'Comedy', 'Romance']",['United States'],"['California Highway 1, Mugu Rock, Ventura County, California, USA']",['Melcher-Arcola Productions'],"['English', 'Spanish']",0,4,0,1963
60. The Thrill of It All,https://www.imdb.com/title/tt0057581/?ref_=sr_t_60,1963,1h 48m,Approved,6.9,6.1K,A homemaker's sudden rise to fame as a soap spokesperson leads to chaos in her home life.,,,11779093.0,,['Norman Jewison'],"['Carl Reiner', 'Larry Gelbart', 'Georges Péclet']","['Doris Day', 'James Garner', 'Arlene Francis']","['Screwball Comedy', 'Comedy', 'Romance']",['United States'],"['Colonial Street, Backlot, Universal Studios - 100 Universal City Plaza, Universal City, California, USA']","['Ross Hunter Productions', 'Arwin Productions']","['English', 'German']",0,2,0,1963
61. The Three Lives of Thomasina,https://www.imdb.com/title/tt0057579/?ref_=sr_t_61,1963,1h 37m,PG,7.2,2.7K,"Thomasina the cat brings a family together, through her mysterious death and reappearance.",,,,,['Don Chaffey'],"['Robert Westerby', 'Paul Gallico']","['Patrick McGoohan', 'Susan Hampshire', 'Laurence Naismith']","['Drama', 'Family']","['United Kingdom', 'United States']","['Inveraray, Argyll and Bute, Scotland, UK']",['Walt Disney Productions'],"['English', 'Gaelic']",0,0,0,1963
62. Blood Feast,https://www.imdb.com/title/tt0056875/?ref_=sr_t_62,1963,1h 7m,Not Rated,5.0,7.6K,An Egyptian caterer kills various women in suburban Miami to use their body parts to revive a dormant Egyptian goddess while an inept police detective tries to track him down.,24500.0,,,,['Herschell Gordon Lewis'],"['Louise Downe', 'David F. Friedman', 'Herschell Gordon Lewis']","['William Kerwin', 'Mal Arnold', 'Connie Mason']","['B-Horror', 'Slasher Horror', 'Comedy', 'Drama', 'Horror']",['United States'],"['Miami, Florida, USA']",['Friedman-Lewis Productions'],['English'],0,0,0,1963
63. Winnetou,https://www.imdb.com/title/tt0057687/?ref_=sr_t_63,1963,1h 31m,,6.8,4.8K,"When violent conflict breaks out between greedy railroaders and a tribe of Mescalero Apaches, only two men, destined to be blood brothers, can prevent all-out war: chief's son Winnetou and German engineer Old Shatterhand.",4000000.0,,,,['Harald Reinl'],"['Karl May', 'Harald G. Petersson']","['Lex Barker', 'Pierre Brice', 'Marie Versini']","['Adventure', 'Drama', 'Western']","['West Germany', 'Italy', 'Yugoslavia']","['Plitvice Lakes, Croatia']","['Atlantis Film', 'Jadran Film', 'Rialto Film']",['German'],0,0,0,1963
64. The Ugly American,https://www.imdb.com/title/tt0056632/?ref_=sr_t_64,1963,2h,Approved,6.6,2.6K,"An ambitious American scholar becomes the ambassador to Sarkan, a southeast Asian country where civil war is brewing.",,,,,['George Englund'],"['William J. Lederer', 'Eugene Burdick', 'Stewart Stern']","['Marlon Brando', 'Eiji Okada', 'Sandra Church']","['Jungle Adventure', 'Political Drama', 'Political Thriller', 'Adventure', 'Drama', 'Thriller']",['United States'],"['Bangkok, Thailand']",['Universal International Pictures (UI)'],['English'],0,3,0,1963
65. An Actor's Revenge,https://www.imdb.com/title/tt0057710/?ref_=sr_t_65,1963,1h 55m,Not Rated,7.3,3K,"Yukinojo, a Kabuki actor, seeks revenge by destroying the three men who caused the deaths of his parents. Also involved are the daughter of one of Yukinojo's targets, two master thieves, and a swordsman who himself is out to kill Yukinojo.",,,,,['Kon Ichikawa'],"['Kon Ichikawa', 'Hiroaki Fujii', 'Tomio Takamori']","['Kazuo Hasegawa', 'Fujiko Yamamoto', 'Ayako Wakao']","['Period Drama', 'Action', 'Comedy', 'Drama']",['Japan'],[],['Daiei Studios'],['Japanese'],0,0,0,1963
66. 4 for Texas,https://www.imdb.com/title/tt0057071/?ref_=sr_t_66,1963,2h 4m,Approved,5.5,3.8K,Zack Thomas is a tough guy who hooks up with Joe Jarrett to open a casino.,4520000.0,,,,['Robert Aldrich'],"['Teddi Sherman', 'Robert Aldrich', 'W.R. Burnett']","['Frank Sinatra', 'Dean Martin', 'Anita Ekberg']","['Comedy', 'Western']",['United States'],"['Red Rock Canyon State Park - Highway 14, Cantil, California, USA']",['The Sam Company'],"['English', 'French', 'Italian']",0,0,0,1963
67. America America,https://www.imdb.com/title/tt0056825/?ref_=sr_t_67,1963,2h 54m,Approved,7.7,6.2K,A young Greek stops at nothing to secure a passage to America.,,,,,['Elia Kazan'],['Elia Kazan'],"['Stathis Giallelis', 'Frank Wolff', 'Elena Karam']","['Adventure', 'Drama']",['United States'],"['Istanbul, Turkey']","['Athena Enterprises', 'Warner Bros.']",['English'],7,12,1,1963
68. The Old Dark House,https://www.imdb.com/title/tt0057379/?ref_=sr_t_68,1963,1h 26m,Approved,5.4,2.6K,"In England, an American car salesman ends-up spending a stormy night at the mysterious and deadly mansion of a client's family.",,,,,['William Castle'],"['Robert Dillon', 'J.B. Priestley']","['Tom Poston', 'Robert Morley', 'Janette Scott']","['Comedy', 'Horror', 'Mystery', 'Thriller']","['United Kingdom', 'United States']","['Oakley Court, Windsor Road, Oakley Green, Windsor, Berkshire, England, UK']","['William Castle Productions', 'Hammer Films']",['English'],0,0,0,1963
69. The Prize,https://www.imdb.com/title/tt0057426/?ref_=sr_t_69,1963,2h 14m,Approved,6.8,5.5K,"As the Nobel Prize winners come to Stockholm to receive their awards, their lives are overturned and perturbed in various ways.",,,7700000.0,,['Mark Robson'],"['Ernest Lehman', 'Irving Wallace']","['Paul Newman', 'Edward G. Robinson', 'Elke Sommer']","['Crime', 'Drama', 'Mystery', 'Thriller']",['United States'],"['Grand Hotel, Norrmalm, Stockholm, Stockholms län, Sweden']",['Roxbury Productions Inc.'],"['English', 'French', 'German', 'Swedish', 'Italian']",0,0,0,1963
"70. Captain Newman, M.D.",https://www.imdb.com/title/tt0056903/?ref_=sr_t_70,1963,2h 6m,Approved,6.9,3.1K,"In 1944, an Army doctor is in charge of a neuropsychiatric ward at an Army Air Corps hospital in Arizona, and he must deal with a variety of tough cases.",,,,,['David Miller'],"['Richard L. Breen', 'Phoebe Ephron', 'Henry Ephron']","['Gregory Peck', 'Tony Curtis', 'Angie Dickinson']","['Comedy', 'Drama', 'War']",['United States'],"['Fort Huachuca, Arizona, USA']","['Brentwood Productions', 'Reynard Productions']","['English', 'Italian']",0,10,3,1963
71. Beach Party,https://www.imdb.com/title/tt0056860/?ref_=sr_t_71,1963,1h 41m,Approved,5.7,2.4K,"A bearded anthropologist studies the habits of swingin' American teens while they enjoy the summer surfing, loving, and partying at the beach.",350000.0,,,,['William Asher'],"['Lou Rusoff', 'William Asher', 'Robert Dillon']","['Robert Cummings', 'Dorothy Malone', 'Frankie Avalon']","['Comedy', 'Musical', 'Romance']",['United States'],"['Paradise Cove - 28128 Pacific Coast Highway, Malibu, California, USA']","['American International Pictures (AIP)', 'Alta Vista Productions']",['English'],0,0,0,1963
72. The Fire Within,https://www.imdb.com/title/tt0057058/?ref_=sr_t_72,1963,1h 48m,Not Rated,7.8,11K,"Depressed Alain Leroy leaves the clinic where he was detoxified. He meets friends, acquaintances and women, trying to find a reason to continue living. Will this help him?",,,,,['Louis Malle'],"['Pierre Drieu La Rochelle', 'Louis Malle']","['Maurice Ronet', 'Léna Skerla', 'Yvonne Clech']",['Drama'],['France'],"['Café de Flore - 172 boulevard Saint-Germain, Paris 6, Paris, France']",['Nouvelles Éditions de Films (NEF)'],['French'],2,2,0,1963
73. Días de otoño,https://www.imdb.com/title/tt0055945/?ref_=sr_t_73,1963,1h 35m,,7.7,348,"A psychological melodrama about a lonely country woman who embarks on a marriage with a city chauffeur which is doomed to fail, this vehicle for an actress who would commit suicide later the year of the film,s release serves as her testament.",,,,,['Roberto Gavaldón'],"['Julio Alejandro', 'Emilio Carballido', 'B. Traven']","['Pina Pellicer', 'Ignacio López Tarso', 'Adriana Roel']",['Drama'],['Mexico'],"['Estación de Buenavista, Mexico City, Distrito Federal, Mexico']",['Clasa Films Mundiales'],['Spanish'],4,0,0,1963
74. The Victors,https://www.imdb.com/title/tt0057652/?ref_=sr_t_74,1963,2h 55m,Approved,6.9,1.9K,"Intelligent, sprawling saga that follows a squad of American soldiers through Europe during World War II.",,,,,['Carl Foreman'],"['Alexander Baron', 'Carl Foreman']","['Vince Edwards', 'Albert Finney', 'George Hamilton']","['Tragedy', 'Drama', 'War']","['United Kingdom', 'United States']",['Sweden'],"['Highroad Productions', 'Open Road Films (II)']","['English', 'French', 'German', 'Italian', 'Russian']",0,2,0,1963
75. Shock Corridor,https://www.imdb.com/title/tt0057495/?ref_=sr_t_75,1963,1h 41m,Approved,7.3,13K,"Bent on winning a Pulitzer Prize, a journalist commits himself to a mental institution to solve a strange and unclear murder.",,,,,['Samuel Fuller'],['Samuel Fuller'],"['Peter Breck', 'Constance Towers', 'Gene Evans']","['Psychological Thriller', 'Drama', 'Mystery', 'Thriller']",['United States'],"['Kotoku-in, Kamakura, Kanagawa, Japan']","['Allied Artists Pictures', 'F & F Productions']",['English'],3,2,0,1963
76. The V.I.P.s,https://www.imdb.com/title/tt0057634/?ref_=sr_t_76,1963,1h 59m,Not Rated,6.3,4.4K,"As fog delays departure for a group of travelers bound for New York City, they wait at the lounge of London's Heathrow airport, each passenger at a moment of crisis in his or her life.",4000000.0,,,,['Anthony Asquith'],['Terence Rattigan'],"['Elizabeth Taylor', 'Richard Burton', 'Louis Jourdan']",['Drama'],['United Kingdom'],"['Heathrow Airport, The Compass Centre, Nelson Road, Hounslow, Greater London, England, UK']","['Metro-Goldwyn-Mayer (MGM)', 'De Grunwald Productions']","['English', 'Italian']",4,2,1,1963
77. The Running Man,https://www.imdb.com/title/tt0057463/?ref_=sr_t_77,1963,1h 43m,Approved,6.5,2K,"An Englishman with a grudge against an insurance company for a disallowed claim fakes his own death, but is soon pursued by an insurance investigator.",,,,,['Carol Reed'],"['John Mortimer', 'Shelley Smith']","['Laurence Harvey', 'Lee Remick', 'Alan Bates']","['Crime', 'Drama', 'Thriller']",['United Kingdom'],"['Algeciras, Cádiz, Andalucía, Spain']","['Columbia Pictures Corporation', 'Peet Productions']","['English', 'Spanish', 'French']",0,0,0,1963
78. Voyage to the End of the Universe,https://www.imdb.com/title/tt0122111/?ref_=sr_t_78,1963,1h 21m,,6.9,3.1K,The year is 2163. Starship Ikarie XB 1 embarks on a long journey across the universe to search for life on the planets of Alpha Centauri.,,2130.0,,,['Jindrich Polák'],"['Pavel Jurácek', 'Stanislaw Lem', 'Jindrich Polák']","['Zdenek Stepánek', 'Frantisek Smolík', 'Dana Medrická']",['Sci-Fi'],['Czechoslovakia'],"['Barrandov Studios, Prague, Czech Republic']",['Filmové studio Barrandov'],['Czech'],0,0,0,1963
79. Passenger,https://www.imdb.com/title/tt0054159/?ref_=sr_t_79,1963,1h 2m,,7.4,2.3K,"While aboard a transatlantic passenger ship, a German woman, Liza, notices someone who looks like Marta, a former inmate at Auschwitz, where Liza used to be a guard.",,,,,"['Andrzej Munk', 'Witold Lesiewicz']","['Andrzej Munk', 'Zofia Posmysz']","['Aleksandra Slaska', 'Anna Ciepielewska', 'Jan Kreczmar']","['Drama', 'War']",['Poland'],"['Auschwitz-Birkenau Concentration Camp, Oswiecim, Malopolskie, Poland']","['Zespol Filmowy ""Kamera""']",['Polish'],2,0,0,1963
80. The List of Adrian Messenger,https://www.imdb.com/title/tt0057254/?ref_=sr_t_80,1963,1h 38m,Approved,6.8,5.9K,A former intelligence officer is tasked by the heir to the Gleneyre estate to investigate the unusual deaths of a disparate group of eleven men on a list.,3000000.0,,,,['John Huston'],"['Anthony Veiller', 'Philip MacDonald', 'Alec Coppel']","['Kirk Douglas', 'Robert Mitchum', 'George C. Scott']","['Mystery', 'Thriller']","['United States', 'Ireland']","['Lehaunstown, Cabinteely, Dublin, County Dublin, Ireland']",['Joel Productions'],"['English', 'French']",0,0,0,1963
81. Murder at the Gallop,https://www.imdb.com/title/tt0057334/?ref_=sr_t_81,1963,1h 21m,Approved,7.2,7.1K,"When a wealthy old man appears to have been ""frightened to death"" by a cat, Miss Jane Marple suspects one of his four relatives, all heirs to his estate, of his murder.",,,,,['George Pollock'],"['James P. Cavanagh', 'Agatha Christie']","['Margaret Rutherford', 'Stringer Davis', 'Robert Morley']","['Comedy', 'Crime', 'Drama', 'Mystery', 'Thriller']",['United Kingdom'],"['The Kings Arms, High Street, Amersham, Buckinghamshire, England, UK']","['George H. Brown Productions', 'Metro-Goldwyn-Mayer British Studios']",['English'],0,0,0,1963
82. Dead Ringer,https://www.imdb.com/title/tt0057997/?ref_=sr_t_82,1963,1h 56m,Approved,7.3,6.8K,"The working-class twin sister of a callous, wealthy woman impulsively murders her out of revenge and assumes her identity. But impersonating her dead twin is more complicated and risky than she anticipated.",1200000.0,,,,['Paul Henreid'],"['Albert Beich', 'Oscar Millard', 'Rian James']","['Bette Davis', 'Karl Malden', 'Peter Lawford']","['Crime', 'Drama', 'Thriller']",['United States'],"['N Figueroa St & W Temple St, Los Angeles, California, USA']",['Warner Bros.'],['English'],0,0,0,1963
83. Dry Summer,https://www.imdb.com/title/tt0062322/?ref_=sr_t_83,1963,1h 30m,Not Rated,7.8,6.2K,A farmer has a violent dispute with his fellow villagers by claiming ownership of the water that comes out of his land. He is as sexually frustrated as he is greedy.,,,,,['Metin Erksan'],"['Necati Cumali', 'Metin Erksan', 'Kemal Inci']","['Erol Tas', 'Hülya Koçyigit', 'Ulvi Dogan']",['Drama'],['Turkey'],"['Bademler Village, Urla, Izmir']",['Hitit'],['Turkish'],2,0,0,1963
84. For Love or Money,https://www.imdb.com/title/tt0057067/?ref_=sr_t_84,1963,1h 48m,Approved,6.2,588,"Wealthy Chloe Brasher has three beautiful daughters; Bonnie, Kate, and Jan. Chloe pays attorney Deke Gentry to fix them up with three suitable husbands.",,,,,['Michael Gordon'],"['Larry Markes', 'Michael Morris']","['Kirk Douglas', 'Mitzi Gaynor', 'Gig Young']","['Comedy', 'Romance']",['United States'],"['Universal Studios - 100 Universal City Plaza, Universal City, California, USA']",['Atlantic Films'],"['English', 'Spanish', 'Latin']",0,0,0,1963
85. Il demonio,https://www.imdb.com/title/tt0167886/?ref_=sr_t_85,1963,1h 38m,,7.2,1.4K,"A lonely, sexually-uninhibited young peasant is subjected to an exorcism after she hexes a man who rejects her advances.",,,,,['Brunello Rondi'],"['Brunello Rondi', 'Ugo Guerra', 'Luciano Martino']","['Daliah Lavi', 'Frank Wolff', 'Anna María Aveta']","['Folk Horror', 'Drama', 'Horror']","['Italy', 'France']","['Montescaglioso, Basilicate, Italy']","['Titanus', 'Vox Films S.p.a.', 'Les Films Marceau']",['Italian'],0,0,0,1963
"86. Dr. Syn, Alias the Scarecrow",https://www.imdb.com/title/tt1606207/?ref_=sr_t_86,1963,1h 38m,G,7.3,701,"In eighteenth century England, the mysterious masked rider known as the Scarecrow (Patrick McGoohan) leads a rebel band to save the town of Romney Marsh from King George III's (Eric Pohlmann's) oppression and Naval press gangs.",,,,,['James Neilson'],"['William Buchanan', 'Russell Thorndike', 'Robert Westerby']","['Patrick McGoohan', 'George Cole', 'Tony Britton']",['Adventure'],['United Kingdom'],"['New Romney, Kent, England, UK']",['Walt Disney Productions'],['English'],0,0,0,1963
87. The Whip and the Body,https://www.imdb.com/title/tt0057078/?ref_=sr_t_87,1963,1h 27m,Not Rated,6.6,4.9K,"The ghost of a sadistic nobleman attempts to rekindle his romance with his terrorized, masochistic former lover, who is unwillingly betrothed to his brother.",66500.0,,,,['Mario Bava'],"['Ernesto Gastaldi', 'Ugo Guerra', 'Luciano Martino']","['Daliah Lavi', 'Christopher Lee', 'Tony Kendall']","['Horror', 'Romance']","['Italy', 'France']","['Tor Caldara, Lazio, Italy']","['Vox Films S.p.a.', 'Leone Film Group', 'Francinor']",['Italian'],0,0,0,1963
88. Summer Magic,https://www.imdb.com/title/tt0057542/?ref_=sr_t_88,1963,1h 50m,G,6.9,2.8K,A Bostonian widow moves with her kids to the country.,,,,,['James Neilson'],"['Sally Benson', 'Kate Douglas Wiggin']","['Hayley Mills', 'Dorothy McGuire', 'Burl Ives']","['Comedy', 'Family', 'Musical']",['United States'],"['Walt Disney Studios, 500 South Buena Vista Street, Burbank, California, USA']",['Walt Disney Productions'],['English'],0,0,0,1963
89. X: The Man with the X-Ray Eyes,https://www.imdb.com/title/tt0057693/?ref_=sr_t_89,1963,1h 19m,Approved,6.6,8.6K,"An ambitious scientist invents an eye drop formula that grants him X-ray vision, but his new powers have disastrous consequences.",250000.0,,,,['Roger Corman'],"['Robert Dillon', 'Ray Russell']","['Ray Milland', 'Diana Van der Vlis', 'Harold J. Stone']","['Horror', 'Sci-Fi', 'Thriller']",['United States'],"['Queen of Angels Hospital - 2301 Bellevue Avenue, Los Angeles, California, USA']",['Alta Vista Productions'],['English'],0,2,0,1963
90. Judex,https://www.imdb.com/title/tt0057207/?ref_=sr_t_90,1963,1h 38m,Not Rated,7.0,3K,"After abducting a corrupt banker to make him pay back the people he swindled, a conjuring vigilante must rescue the man's daughter when she is kidnapped by the scheming family governess.",,,,,['Georges Franju'],"['Arthur Bernède', 'Louis Feuillade', 'Jacques Champreux']","['Channing Pollock', 'Francine Bergé', 'Edith Scob']","['Caper', 'Costume Drama', 'Gangster', 'Period Drama', 'Crime', 'Drama', 'Thriller']","['France', 'Italy']","['Château-Gaillard, Les Andelys, France']","['Comptoir Français du Film Production (CFFP)', 'Filmes Cinematografica', 'C.F.P.C.']",['French'],0,0,0,1963
91. Sunday in New York,https://www.imdb.com/title/tt0057543/?ref_=sr_t_91,1963,1h 45m,Approved,6.7,3.5K,"On a Sunday, Eileen Tyler, still a virgin, leaves Albany to visit her airline pilot brother in New York but a chance encounter with a man on a city bus threatens to derail her upcoming marriage to boyfriend Russ.",2000000.0,,,,['Peter Tewksbury'],['Norman Krasna'],"['Rod Taylor', 'Jane Fonda', 'Cliff Robertson']","['Comedy', 'Romance']",['United States'],"['Pennsylvania Station, Manhattan, New York City, New York, USA']","['Seven Arts Productions', 'Metro-Goldwyn-Mayer (MGM)']",['English'],0,0,0,1963
92. The Organizer,https://www.imdb.com/title/tt0056945/?ref_=sr_t_92,1963,2h 6m,Not Rated,8.0,3.5K,A former high school teacher turned unionist tries to organize workers laboring with inhuman conditions at a late 19th Century textile factory.,,,,,['Mario Monicelli'],"['Agenore Incrocci', 'Furio Scarpelli', 'Mario Monicelli']","['Marcello Mastroianni', 'Renato Salvatori', 'Gabriella Giorgelli']","['Workplace Drama', 'Drama', 'History']","['Italy', 'France', 'Yugoslavia']","['Turin, Piedmont, Italy']","['Lux Film', 'Vides Cinematografica', 'Méditerrannée Cinéma Production']",['Italian'],6,9,1,1963
93. Sparrows Can't Sing,https://www.imdb.com/title/tt0057521/?ref_=sr_t_93,1963,1h 34m,,6.2,565,"After 2 years at sea, Charlie comes home to find his house demolished, wife Maggie gone, living with married Bert and their toddler. Charlie leaves a trail of mayhem as he tries to sort things out.",,,,,['Joan Littlewood'],"['Stephen Lewis', 'Joan Littlewood']","['James Booth', 'Barbara Windsor', 'Roy Kinnear']","['Comedy', 'Drama']",['United Kingdom'],"['Cowley Gardens - now Oyster Row, Shadwell, London, England, UK']",['Carthage Films'],['English'],0,0,0,1963
94. The Rescue Squad,https://www.imdb.com/title/tt0170506/?ref_=sr_t_94,1963,54m,,7.1,9,Six children lose a toy plane in a high ruined tower.,,,,,['Colin Bell'],"['Mary Cathcart Borer', 'Malcolm Stewart', 'Frank Wells']","['Christopher Brett', 'Shirley Joy', 'Malcolm Knight']",['Family'],['United Kingdom'],[],['World Wide'],['English'],0,0,0,1963
95. The Stripper,https://www.imdb.com/title/tt0057537/?ref_=sr_t_95,1963,1h 35m,Approved,6.6,465,"Lila Green is an insecure and aging showgirl for Madame Olga's stage shows. When her boyfriend, Rick, runs off with the show's money, Madame Olga and Ronny let Lila go. Lila goes to stay with her old neighbors, Helen Bard and her teenage son, Kenny. Lila decides to go out and get a regular job and try and live a normal life. All seems well, until Lila and Kenny stop fighting their attraction for one another.",,,,,['Franklin J. Schaffner'],"['William Inge', 'Meade Roberts']","['Joanne Woodward', 'Richard Beymer', 'Claire Trevor']","['Drama', 'Romance']",['United States'],"['20th Century Fox Studios - 10201 Pico Blvd., Century City, Los Angeles, California, USA']","['Jerry Wald Productions', 'Twentieth Century Fox']",['English'],0,2,1,1963
96. A Child Is Waiting,https://www.imdb.com/title/tt0056930/?ref_=sr_t_96,1963,1h 42m,Approved,7.2,3.6K,A teacher and a psychologist work with children at an institute for the mentally-imparied.,2000000.0,1675.0,,,['John Cassavetes'],['Abby Mann'],"['Burt Lancaster', 'Judy Garland', 'Gena Rowlands']",['Drama'],['United States'],"['Lanterman Development Center - 3530 W Pomona Blvd, Pomona, California, USA']",['Stanley Kramer Productions'],['English'],0,0,0,1963
97. Heavens Above!,https://www.imdb.com/title/tt0057134/?ref_=sr_t_97,1963,1h 45m,Not Rated,6.7,1.7K,A minister is accidentally appointed to a snobbish parish.,,,,,"['John Boulting', 'Roy Boulting']","['Frank Harvey', 'John Boulting', 'Malcolm Muggeridge']","['Peter Sellers', 'Cecil Parker', 'Isabel Jeans']","['Satire', 'Comedy']",['United Kingdom'],"['Claremont House, Esher, Surrey, England, UK']",['Charter Film Productions'],"['English', 'Hindi', 'French', 'Italian']",0,0,0,1963
98. Summer Holiday,https://www.imdb.com/title/tt0057541/?ref_=sr_t_98,1963,1h 47m,Approved,6.1,1.9K,"Four bus mechanics and a stowaway travel Europe as a hotel, picking up singers. In Athens, the stowaway's mother has them arrested for kidnapping but then accepts her daughter's love for a mechanic and they vacation in Greece.",,1315.0,,,['Peter Yates'],"['Peter Myers', 'Ronald Cass']","['Cliff Richard', 'Lauri Peters', 'Melvyn Hayes']","['Comedy', 'Musical', 'Romance']",['United Kingdom'],"['Elstree Studios, Borehamwood, Hertfordshire, England, UK']",['Ivy Films'],"['English', 'French']",0,0,0,1963
99. Carry on Cabby,https://www.imdb.com/title/tt0056912/?ref_=sr_t_99,1963,1h 31m,,6.4,3.2K,A taxi company is threatened when an all-female firm sets itself up in business and starts to steal their customers.,,,,,['Gerald Thomas'],"['Talbot Rothwell', 'Sidney Green', 'Richard Hills']","['Sidney James', 'Hattie Jacques', 'Kenneth Connor']","['Parody', 'Adventure', 'Comedy', 'Romance']",['United Kingdom'],"['Farm Yard, Datchet Road, Windsor, Berkshire, England, UK']",['Peter Rogers Productions'],['English'],0,0,0,1963
100. Who's Minding the Store?,https://www.imdb.com/title/tt0057683/?ref_=sr_t_100,1963,1h 30m,Approved,6.7,2.9K,"Norman Phiffier works as a store clerk in a large department store. Clumsy and inept, he can't do anything right. Boy are they in trouble!",,,,,['Frank Tashlin'],"['Frank Tashlin', 'Harry Tugend']","['Jerry Lewis', 'Jill St. John', 'Ray Walston']","['Slapstick', 'Comedy']",['United States'],"['Paramount Studios - 5555 Melrose Avenue, Hollywood, Los Angeles, California, USA']","['Jerry Lewis Pictures', 'York Pictures Corporation']",['English'],0,0,0,1963
