Movie Link,budget,grossWorldWide,gross_US_Canada,opening_weekend_Gross,directors,writers,stars,genres,countries_origin,filming_locations,production_companies,Languages,wins,nominations,oscars,release_date
https://www.imdb.com/title/tt0145487/?ref_=sr_t_1,139000000.0,825802095,407774549,114844116,['Sam Raimi'],"['Stan Lee', 'Steve Ditko', 'David Koepp']","['Tobey Maguire', 'Kirsten Dunst', 'Willem Dafoe']","['Superhero', 'Urban Adventure', 'Action', 'Adventure', 'Sci-Fi']",['United States'],"['Queensboro Bridge, Manhattan, New York City, New York, USA']","['Columbia Pictures', 'Marvel Enterprises', 'Laura Ziskin Productions']",['English'],17,65,2,2002
https://www.imdb.com/title/tt0167261/?ref_=sr_t_2,94000000.0,938242927,345518923,62007528,['Peter Jackson'],"['J.R.R. Tolkien', 'Fran Walsh', 'Philippa Boyens']","['Elijah Wood', 'Ian McKellen', 'Viggo Mortensen']","['Action Epic', 'Adventure Epic', 'Dark Fantasy', 'Epic', 'Fantasy Epic', 'Quest', 'Sword & Sorcery', 'Adventure', 'Drama', 'Fantasy']","['New Zealand', 'United States']","['Hinuera Valley, Matamata, Waikato, New Zealand']","['New Line Cinema', 'WingNut Films', 'The Saul Zaentz Company']","['English', 'Sindarin', 'Old English']",132,138,2,2002
https://www.imdb.com/title/tt0121765/?ref_=sr_t_3,115000000.0,653780724,310676740,80027814,['George Lucas'],"['George Lucas', 'Jonathan Hales']","['Hayden Christensen', 'Natalie Portman', 'Ewan McGregor']","['Action Epic', 'Adventure Epic', 'Fantasy Epic', 'Sci-Fi Epic', 'Space Sci-Fi', 'Action', 'Adventure', 'Fantasy', 'Sci-Fi']","['United States', 'United Kingdom']","['Villa del Balbianello, Lenno, Lake Como, Lombardia, Italy']","['Lucasfilm', 'Recce & Production Services', 'Mestiere Cinema']",['English'],21,71,1,2002
https://www.imdb.com/title/tt0295297/?ref_=sr_t_4,100000000.0,882740355,262641637,88357488,['Chris Columbus'],"['J.K. Rowling', 'Steve Kloves']","['Daniel Radcliffe', 'Rupert Grint', 'Emma Watson']","['Sword & Sorcery', 'Teen Adventure', 'Teen Fantasy', 'Adventure', 'Family', 'Fantasy', 'Mystery']","['United Kingdom', 'United States']","['Glenfinnan Viaduct, Fort William, Highland, Scotland, UK']","['Warner Bros.', 'Heyday Films', '1492 Pictures']","['English', 'Latin']",14,50,0,2002
https://www.imdb.com/title/tt0259446/?ref_=sr_t_5,5000000.0,368744044,241438208,597362,['Joel Zwick'],['Nia Vardalos'],"['Nia Vardalos', 'John Corbett', 'Michael Constantine']","['Feel-Good Romance', 'Romantic Comedy', 'Comedy', 'Drama', 'Romance']","['Canada', 'United States']","['Ryerson Polytechnic University, Toronto, Ontario, Canada']","['Alliance Cinema', 'Gold Circle Films', 'Home Box Office (HBO)']","['English', 'Greek']",20,29,1,2002
https://www.imdb.com/title/tt0286106/?ref_=sr_t_6,72000000.0,408247917,227966634,60117080,['M. Night Shyamalan'],['M. Night Shyamalan'],"['Mel Gibson', 'Joaquin Phoenix', 'Rory Culkin']","['Alien Invasion', 'Drama', 'Mystery', 'Sci-Fi', 'Thriller']",['United States'],"['Bucks County, Pennsylvania, USA']","['Touchstone Pictures', 'Blinding Edge Pictures', 'The Kennedy/Marshall Company']","['English', 'Portuguese']",3,34,0,2002
https://www.imdb.com/title/tt0295178/?ref_=sr_t_7,63000000.0,296939148,213307889,73071188,['Jay Roach'],"['Mike Myers', 'Michael McCullers']","['Mike Myers', 'Beyoncé', 'Seth Green']","['Parody', 'Slapstick', 'Action', 'Adventure', 'Comedy', 'Crime']",['United States'],"['Moab, Utah, USA']","['New Line Cinema', 'Gratitude International', 'Team Todd']","['English', 'Japanese', 'German', 'French']",5,23,0,2002
https://www.imdb.com/title/tt0120912/?ref_=sr_t_8,140000000.0,445135288,193735288,52148751,['Barry Sonnenfeld'],"['Lowell Cunningham', 'Robert Gordon', 'Barry Fanaro']","['Tommy Lee Jones', 'Will Smith', 'Rip Torn']","['Buddy Comedy', 'Buddy Cop', 'Action', 'Adventure', 'Comedy', 'Mystery', 'Sci-Fi']",['United States'],"['210 10th Avenue, Manhattan, New York City, New York, USA']","['Columbia Pictures', 'Amblin Entertainment', 'Parkes/MacDonald Image Nation']",['English'],4,16,0,2002
https://www.imdb.com/title/tt0268380/?ref_=sr_t_9,59000000.0,383257136,176387405,46312454,"['Chris Wedge', 'Carlos Saldanha']","['Michael J. Wilson', 'Michael Berg', 'Peter Ackerman']","['Denis Leary', 'John Leguizamo', 'Ray Romano']","['Animal Adventure', 'Computer Animation', 'Dinosaur Adventure', 'Quest', 'Survival', 'Adventure', 'Animation', 'Comedy', 'Family']",['United States'],[],"['Twentieth Century Fox', 'Blue Sky Studios', 'Twentieth Century Fox Animation']",['English'],5,30,1,2002
https://www.imdb.com/title/tt0299658/?ref_=sr_t_10,45000000.0,306777366,170687518,2074929,['Rob Marshall'],"['Bill Condon', 'Bob Fosse', 'Fred Ebb']","['Renée Zellweger', 'Catherine Zeta-Jones', 'Richard Gere']","['True Crime', 'Comedy', 'Crime', 'Musical']","['United States', 'Germany']","[""Ontario Legislature Building, Queen's Park, Toronto, Ontario, Canada""]","['Miramax', 'Producers Circle', 'Storyline Entertainment']","['English', 'Hungarian']",59,129,6,2002
https://www.imdb.com/title/tt0264464/?ref_=sr_t_11,52000000.0,352114312,164615351,30053627,['Steven Spielberg'],"['Frank Abagnale Jr.', 'Stan Redding', 'Jeff Nathanson']","['Leonardo DiCaprio', 'Tom Hanks', 'Christopher Walken']","['Caper', 'Coming-of-Age', 'Docudrama', 'Globetrotting Adventure', 'Period Drama', 'True Crime', 'Biography', 'Crime', 'Drama']","['United States', 'Canada']","['Alcatraz Prison, Alcatraz Island, San Francisco Bay, California, USA']","['Dreamworks Pictures', 'Kemp Company', 'Splendid Pictures']","['English', 'French']",16,46,2,2002
https://www.imdb.com/title/tt0246460/?ref_=sr_t_12,142000000.0,431971781,160942139,47072040,['Lee Tamahori'],"['Ian Fleming', 'Neal Purvis', 'Robert Wade']","['Pierce Brosnan', 'Halle Berry', 'Rosamund Pike']","['Spy', 'Action', 'Adventure', 'Thriller']","['United Kingdom', 'United States', 'Spain']","['Avenida Duque de Nájera, Puerta de La Caleta, Cádiz, Andalucía, Spain']","['Eon Productions', 'Danjaq', 'Metro-Goldwyn-Mayer (MGM)']","['English', 'Korean', 'Cantonese', 'Spanish', 'German', 'Icelandic', 'Italian', 'Arabic']",6,36,0,2002
https://www.imdb.com/title/tt0267913/?ref_=sr_t_13,84000000.0,275679958,153322074,54155312,['Raja Gosnell'],"['James Gunn', 'Craig Titley', 'William Hanna']","['Matthew Lillard', 'Freddie Prinze Jr.', 'Sarah Michelle Gellar']","['Bumbling Detective', 'Slapstick', 'Supernatural Fantasy', 'Whodunnit', 'Adventure', 'Comedy', 'Family', 'Fantasy', 'Mystery']","['United States', 'Australia']","['Tangalooma Resort, Moreton Island, Queensland, Australia']","['Warner Bros.', 'Mosaic', 'Atlas Entertainment']",['English'],5,14,0,2002
https://www.imdb.com/title/tt0275847/?ref_=sr_t_14,80000000.0,273147061,145794338,35260212,"['Dean DeBlois', 'Chris Sanders']","['Chris Sanders', 'Dean DeBlois']","['Daveigh Chase', 'Chris Sanders', 'Tia Carrere']","['Alien Invasion', 'Buddy Comedy', 'Hand-Drawn Animation', 'Sci-Fi Epic', 'Space Sci-Fi', 'Adventure', 'Animation', 'Comedy', 'Drama', 'Family']","['United States', 'Japan']","['Walt Disney Feature Animation Florida, Walt Disney World, Lake Buena Vista, Florida, USA']","['Walt Disney Pictures', 'Walt Disney Animation Studios', 'Walt Disney Feature Animation Florida']","['English', 'Hawaiian']",12,28,1,2002
https://www.imdb.com/title/tt0295701/?ref_=sr_t_15,70000000.0,277448382,142109382,44506103,['Rob Cohen'],['Rich Wilkes'],"['Vin Diesel', 'Asia Argento', 'Marton Csokas']","['Action Epic', 'Globetrotting Adventure', 'Spy', 'Action', 'Adventure', 'Drama', 'Thriller']",['United States'],"['Prague Castle, Hradcany, Prague, Czech Republic']","['Revolution Studios', 'Original Film']","['English', 'German', 'Spanish', 'Russian', 'Czech']",4,14,0,2002
https://www.imdb.com/title/tt0304669/?ref_=sr_t_16,65000000.0,172855065,139236327,29008696,['Michael Lembeck'],"['Don Rhymer', 'Cinco Paul', 'Ken Daurio']","['Tim Allen', 'Spencer Breslin', 'Elizabeth Mitchell']","['Holiday Comedy', 'Holiday Family', 'Comedy', 'Family', 'Fantasy', 'Holiday']","['United States', 'Canada']","['Vancouver School Board, Vancouver, British Columbia, Canada']","['Walt Disney Pictures', 'Outlaw Productions (I)', 'Boxing Cat Films']",['English'],0,3,0,2002
https://www.imdb.com/title/tt0181689/?ref_=sr_t_17,102000000.0,358372926,132072926,35677125,['Steven Spielberg'],"['Scott Frank', 'Jon Cohen', 'Philip K. Dick']","['Tom Cruise', 'Colin Farrell', 'Samantha Morton']","['Conspiracy Thriller', 'Cyber Thriller', 'Cyberpunk', 'Dystopian Sci-Fi', 'Psychological Thriller', 'Suspense Mystery', 'Action', 'Crime', 'Mystery', 'Sci-Fi']",['United States'],"['Butter Island, Penobscot Bay, Maine, USA']","['Twentieth Century Fox', 'Dreamworks Pictures', 'Cruise/Wagner Productions']","['English', 'Swedish']",20,91,1,2002
https://www.imdb.com/title/tt0298130/?ref_=sr_t_18,48000000.0,249348933,129128133,15015393,['Gore Verbinski'],"['Ehren Kruger', 'Kôji Suzuki', 'Hiroshi Takahashi']","['Naomi Watts', 'Martin Henderson', 'Brian Cox']","['Supernatural Horror', 'Horror', 'Mystery']","['United States', 'Japan']","['Port Townsend, Washington, USA']","['Dreamworks Pictures', 'Parkes/MacDonald Image Nation', 'BenderSpink']",['English'],14,12,0,2002
https://www.imdb.com/title/tt0256415/?ref_=sr_t_19,30000000.0,180622424,127223418,35648740,['Andy Tennant'],"['Douglas J. Eboch', 'C. Jay Cox']","['Reese Witherspoon', 'Patrick Dempsey', 'Josh Lucas']","['Feel-Good Romance', 'Romantic Comedy', 'Comedy', 'Romance']",['United States'],"['Eufaula, Alabama, USA']","['Touchstone Pictures', 'Original Film', 'D&D Films']",['English'],3,6,0,2002
https://www.imdb.com/title/tt0280590/?ref_=sr_t_20,50000000.0,171269535,126293452,37162787,['Steven Brill'],"['Clarence Budington Kelland', 'Robert Riskin', 'Tim Herlihy']","['Adam Sandler', 'Winona Ryder', 'John Turturro']","['Feel-Good Romance', 'High-Concept Comedy', 'Romantic Comedy', 'Comedy', 'Romance']",['United States'],"['New Milford, Connecticut, USA']","['Columbia Pictures', 'New Line Cinema', 'Happy Madison Productions']",['English'],5,9,0,2002
https://www.imdb.com/title/tt0258463/?ref_=sr_t_21,60000000.0,214034224,121661683,27118640,['Doug Liman'],"['Tony Gilroy', 'William Blake Herron', 'Robert Ludlum']","['Franka Potente', 'Matt Damon', 'Chris Cooper']","['One-Person Army Action', 'Political Thriller', 'Psychological Thriller', 'Spy', 'Suspense Mystery', 'Action', 'Mystery', 'Thriller']","['United States', 'Germany', 'Czech Republic', 'Greece']","['Mykonos, Greece']","['Universal Pictures', 'The Kennedy/Marshall Company', 'Hypnotic']","['English', 'French', 'German', 'Dutch', 'Italian', 'Yoruba']",3,6,0,2002
https://www.imdb.com/title/tt0164184/?ref_=sr_t_22,68000000.0,193921372,118907036,31178526,['Phil Alden Robinson'],"['Tom Clancy', 'Paul Attanasio', 'Daniel Pyne']","['Ben Affleck', 'Morgan Freeman', 'Ian Mongrain']","['Political Thriller', 'Spy', 'Action', 'Drama', 'Thriller', 'War']","['United States', 'Germany', 'Canada']","['Olympic Stadium - 4545 Pierre-de-Coubertin Avenue, Montréal, Québec, Canada']","['Paramount Pictures', 'Mace Neufeld Productions', 'MFP Munich Film Partners GmbH & Company I. Produktions KG']","['English', 'Russian', 'Ukrainian', 'German', 'Arabic']",2,5,0,2002
https://www.imdb.com/title/tt0298203/?ref_=sr_t_23,41000000.0,242875078,116750901,51240555,['Curtis Hanson'],['Scott Silver'],"['Eminem', 'Brittany Murphy', 'Kim Basinger']","['Drama', 'Music']","['United States', 'Germany']","['Chin Tiki Club - 2121 Cass Avenue, Detroit, Michigan, USA']","['Imagine Entertainment', 'Interscope Films', 'Mikona Productions GmbH & Co. KG']",['English'],17,21,1,2002
https://www.imdb.com/title/tt0257044/?ref_=sr_t_24,80000000.0,181001478,104454762,22079481,['Sam Mendes'],"['Max Allan Collins', 'Richard Piers Rayner', 'David Self']","['Tom Hanks', 'Tyler Hoechlin', 'Paul Newman']","['Epic', 'Gangster', 'Period Drama', 'Psychological Drama', 'Psychological Thriller', 'Road Trip', 'Crime', 'Drama', 'Thriller']",['United States'],"['Grand Rapids, Michigan, USA']","['Dreamworks Pictures', 'Twentieth Century Fox', 'The Zanuck Company']",['English'],23,82,1,2002
https://www.imdb.com/title/tt0258000/?ref_=sr_t_25,48000000.0,197079546,96397334,30056751,['David Fincher'],['David Koepp'],"['Jodie Foster', 'Kristen Stewart', 'Forest Whitaker']","['Psychological Thriller', 'Crime', 'Drama', 'Thriller']",['United States'],"['38 West 94th Street, Manhattan, New York City, New York, USA']","['Columbia Pictures', 'Hofflund/Polone', 'Indelible Pictures']",['English'],0,9,0,2002
https://www.imdb.com/title/tt0252076/?ref_=sr_t_26,55000000.0,154906693,94011225,18711407,['Wayne Wang'],"['John Hughes', 'Kevin Wade']","['Jennifer Lopez', 'Ralph Fiennes', 'Natasha Richardson']","['Romantic Comedy', 'Comedy', 'Drama', 'Romance']",['United States'],"['Waldorf-Astoria Hotel - 301 Park Avenue, Manhattan, New York City, New York, USA']","['Revolution Studios', 'Red Om Films', 'Hughes Entertainment']","['English', 'French', 'Spanish']",0,8,0,2002
https://www.imdb.com/title/tt0290296/?ref_=sr_t_27,,128364269,93383953,489488,['Toni Myers'],['Toni Myers'],"['Tom Cruise', 'James Arnold', 'Michael J. Bloomfield']",['Documentary'],"['Canada', 'United States']","['International Space Station, Earth Orbit, Space']","['IMAX Space Ltd.', 'IMAX', 'Lockheed Martin Corporation']",['English'],0,0,0,2002
https://www.imdb.com/title/tt0313737/?ref_=sr_t_28,60000000.0,199043471,93354851,14328494,['Marc Lawrence'],['Marc Lawrence'],"['Sandra Bullock', 'Hugh Grant', 'Alicia Witt']","['Feel-Good Romance', 'Romantic Comedy', 'Comedy', 'Romance']","['United States', 'Australia']","['Shea Stadium - 12301 Roosevelt Avenue, Flushing Meadows Park, Queens, New York City, New York, USA']","['Castle Rock Entertainment', 'Village Roadshow Pictures', 'NPV Entertainment']",['English'],2,3,0,2002
https://www.imdb.com/title/tt0289765/?ref_=sr_t_29,78000000.0,209196298,93149898,36540945,['Brett Ratner'],"['Thomas Harris', 'Ted Tally']","['Anthony Hopkins', 'Edward Norton', 'Ralph Fiennes']","['Psychological Thriller', 'Serial Killer', 'Crime', 'Drama', 'Thriller']","['Germany', 'United States']","['Marathon, Florida, USA']","['Universal Pictures', 'Dino De Laurentiis Company', 'Metro-Goldwyn-Mayer (MGM)']","['English', 'French']",4,10,0,2002
https://www.imdb.com/title/tt0277296/?ref_=sr_t_30,60000000.0,180630907,91047077,36075875,['Chuck Russell'],"['Stephen Sommers', 'Jonathan Hales', 'William Osborne']","['Dwayne Johnson', 'Steven Brand', 'Michael Clarke Duncan']","['Desert Adventure', 'Action', 'Adventure', 'Fantasy']","['United States', 'Germany', 'Belgium']","['Yuma, Arizona, USA']","['Universal Pictures', 'Alphaville Films', 'BT Film']",['English'],2,4,0,2002
https://www.imdb.com/title/tt0287717/?ref_=sr_t_31,38000000.0,119723358,85846429,16711716,['Robert Rodriguez'],['Robert Rodriguez'],"['Alexa PenaVega', 'Daryl Sabara', 'Antonio Banderas']","['Action', 'Adventure', 'Comedy', 'Family', 'Sci-Fi']",['United States'],"['Big Bend National Park, Texas, USA']","['Dimension Films', 'Troublemaker Studios']",['English'],3,3,0,2002
https://www.imdb.com/title/tt0187738/?ref_=sr_t_32,54000000.0,155010032,82348319,32528016,['Guillermo del Toro'],"['Marv Wolfman', 'Gene Colan', 'David S. Goyer']","['Wesley Snipes', 'Kris Kristofferson', 'Ron Perlman']","['Martial Arts', 'Superhero', 'Supernatural Horror', 'Vampire Horror', 'Action', 'Horror', 'Sci-Fi', 'Thriller']","['United States', 'Germany']","['Toronto, Ontario, Canada']","['New Line Cinema', 'Amen Ra Films', 'Marvel Enterprises']","['English', 'Romanian', 'Czech']",6,10,0,2002
https://www.imdb.com/title/tt0281373/?ref_=sr_t_33,33000000.0,115035090,81172560,17814259,['Brian Levant'],"['Jim Kouf', 'Tommy Swerdlow', 'Michael Goldberg']","['Cuba Gooding Jr.', 'James Coburn', 'Sisqó']","['Animal Adventure', 'Adventure', 'Comedy', 'Family', 'Sport']","['Canada', 'United States']","['Canmore, Alberta, Canada']","['Walt Disney Pictures', 'Kerner Entertainment Company', 'Galapagos Productions']",['English'],0,0,0,2002
https://www.imdb.com/title/tt0277434/?ref_=sr_t_34,75000000.0,115374915,78122718,20212543,['Randall Wallace'],"['Harold G. Moore', 'Joseph Lee Galloway', 'Randall Wallace']","['Mel Gibson', 'Madeleine Stowe', 'Greg Kinnear']","['Action', 'Drama', 'History', 'War']","['United States', 'France', 'Germany', 'United Kingdom']","['Fort Hunter Liggett, California, USA']","['Icon Entertainment International', 'Motion Picture Production GmbH & Co. Erste KG', 'StudioCanal']","['English', 'Vietnamese', 'French']",3,5,0,2002
https://www.imdb.com/title/tt0217505/?ref_=sr_t_35,100000000.0,193772504,77812000,9100000,['Martin Scorsese'],"['Jay Cocks', 'Steven Zaillian', 'Kenneth Lonergan']","['Leonardo DiCaprio', 'Cameron Diaz', 'Daniel Day-Lewis']","['Costume Drama', 'Epic', 'Gangster', 'Period Drama', 'Crime', 'Drama']","['United States', 'Italy']","['Cinecittà Studios, Cinecittà, Rome, Lazio, Italy']","['Miramax', 'Initial Entertainment Group (IEG)', 'Touchstone Pictures']","['English', 'Irish Gaelic', 'Chinese', 'Latin']",50,135,10,2002
https://www.imdb.com/title/tt0303714/?ref_=sr_t_36,12000000.0,77063924,75782105,20627433,['Tim Story'],"['Mark Brown', 'Don D. Scott', 'Marshall Todd']","['Ice Cube', 'Cedric The Entertainer', 'Eve']","['Workplace Drama', 'Comedy', 'Drama']",['United States'],"['East 79th Street, South Chicago, Chicago, Illinois, USA']","['Metro-Goldwyn-Mayer (MGM)', 'State Street Pictures', 'Cube Vision']",['English'],0,17,0,2002
https://www.imdb.com/title/tt0265662/?ref_=sr_t_37,22000000.0,80693537,75600072,16021684,['John Lee Hancock'],['Mike Rich'],"['Dennis Quaid', 'JD Evermore', 'Rachel Griffiths']","['Baseball', 'Drama', 'Family', 'Sport']",['United States'],"['Round Rock, Texas, USA']","['Walt Disney Pictures', '98 MPH Productions', 'Gran Via Productions']",['English'],5,4,0,2002
https://www.imdb.com/title/tt0166813/?ref_=sr_t_38,80000000.0,122563539,73280117,17770036,"['Kelly Asbury', 'Lorna Cook']",['John Fusco'],"['Matt Damon', 'James Cromwell', 'Daniel Studi']","['Animal Adventure', 'Hand-Drawn Animation', 'Adventure', 'Animation', 'Drama', 'Family', 'Western']","['United States', 'Canada']",[],"['DreamWorks Animation', 'Dreamworks Pictures']",['English'],10,22,1,2002
https://www.imdb.com/title/tt0251160/?ref_=sr_t_39,36000000.0,102244770,71756802,20275194,['Nick Cassavetes'],['James Kearns'],"['Denzel Washington', 'Robert Duvall', 'Gabriela Oltean']","['Medical Drama', 'Crime', 'Drama', 'Thriller']",['United States'],"['Cambridge, Ontario, Canada']","['New Line Cinema', 'Burg/Koules Productions', 'Evolution Entertainment']","['English', 'Spanish']",2,8,0,2002
https://www.imdb.com/title/tt0279778/?ref_=sr_t_40,27000000.0,73839240,69599016,16167412,['Callie Khouri'],"['Rebecca Wells', 'Mark Andrus', 'Callie Khouri']","['Sandra Bullock', 'Ellen Burstyn', 'Fionnula Flanagan']",['Drama'],['United States'],"['Silver Gull Motel - 20 E Salisbury Street, Wrightsville Beach, North Carolina, USA']","['All Girl Productions', 'Gaylord Films']",['English'],0,7,0,2002
https://www.imdb.com/title/tt0278504/?ref_=sr_t_41,46000000.0,113759177,67355513,20930169,['Christopher Nolan'],"['Hillary Seitz', 'Nikolaj Frobenius', 'Erik Skjoldbjærg']","['Al Pacino', 'Robin Williams', 'Hilary Swank']","['Hard-boiled Detective', 'Psychological Thriller', 'Tragedy', 'Drama', 'Mystery', 'Thriller']","['United States', 'United Kingdom']","['Alaska, USA']","['Alcon Entertainment', 'Witt/Thomas Productions', 'Section Eight']",['English'],0,11,0,2002
https://www.imdb.com/title/tt0264472/?ref_=sr_t_42,45000000.0,94935764,66818548,17128062,['Roger Michell'],"['Chap Taylor', 'Michael Tolkin']","['Ben Affleck', 'Samuel L. Jackson', 'Kim Staunton']","['Drama', 'Thriller']",['United States'],"[""Puffy's Tavern - 81 Hudson St, Manhattan, New York City, New York, USA""]","['Paramount Pictures', 'Scott Rudin Productions']",['English'],0,7,0,2002
https://www.imdb.com/title/tt0257360/?ref_=sr_t_43,30000000.0,105834556,65016287,282367,['Alexander Payne'],"['Louis Begley', 'Alexander Payne', 'Jim Taylor']","['Jack Nicholson', 'Hope Davis', 'Dermot Mulroney']","['Dark Comedy', 'Road Trip', 'Drama']",['United States'],"['Messiah Lutheran Church, 5015 S. 80th Street, Omaha, Nebraska, USA']","['New Line Cinema', 'Avery Pix']",['English'],25,71,2,2002
https://www.imdb.com/title/tt0243585/?ref_=sr_t_44,120000000.0,169956806,64956806,15115152,['Rob Minkoff'],"['E.B. White', 'Douglas Wick', 'Bruce Joel Rubin']","['Michael J. Fox', 'Geena Davis', 'Hugh Laurie']","['Animal Adventure', 'Adventure', 'Comedy', 'Family', 'Fantasy']",['United States'],"['Dodger Stadium - 1000 Vin Scully Avenue, Chavez Ravine, Elysian Park, Los Angeles, California, USA']","['Columbia Pictures', 'Franklin/Waterman Productions', 'Red Wagon Entertainment']",['English'],0,4,0,2002
https://www.imdb.com/title/tt0322802/?ref_=sr_t_45,5000000.0,79493831,64255312,22763437,['Jeff Tremaine'],"['Jeff Tremaine', 'Spike Jonze', 'Johnny Knoxville']","['Johnny Knoxville', 'Bam Margera', 'Chris Pontius']","['Dark Comedy', 'Action', 'Comedy', 'Documentary']",['United States'],"['Tokyo, Japan']","['Paramount Pictures', 'MTV Films', 'Dickhouse Productions']","['English', 'Japanese', 'Spanish']",0,7,0,2002
https://www.imdb.com/title/tt0268695/?ref_=sr_t_46,80000000.0,123729176,56832494,22610437,['Simon Wells'],"['H.G. Wells', 'David Duncan', 'John Logan']","['Guy Pearce', 'Yancey Arias', 'Mark Addy']","['Steampunk', 'Time Travel', 'Action', 'Adventure', 'Sci-Fi']","['United States', 'United Arab Emirates']","['New England Building, Vassar College, Poughkeepsie, New York, USA']","['Warner Bros.', 'Dreamworks Pictures', 'Parkes/MacDonald Image Nation']",['English'],2,4,1,2002
https://www.imdb.com/title/tt0303933/?ref_=sr_t_47,20000000.0,57588485,56399184,12604705,['Charles Stone III'],"['Shawn Schepps', 'Tina Gordon']","['Nick Cannon', 'Zoe Saldaña', 'Orlando Jones']","['Comedy', 'Drama', 'Music', 'Romance']",['United States'],"['Clark Atlanta University - 223 James P. Brawley Drive SW, Atlanta, Georgia, USA']","['Fox 2000 Pictures', 'Wendy Finerman Productions']",['English'],0,13,0,2002
https://www.imdb.com/title/tt0245844/?ref_=sr_t_48,35000000.0,75395048,54234062,11376150,['Kevin Reynolds'],"['Alexandre Dumas', 'Jay Wolpert']","['Jim Caviezel', 'Guy Pearce', 'Christopher Adamson']","['Period Drama', 'Swashbuckler', 'Action', 'Adventure', 'Drama', 'Thriller']","['Ireland', 'Switzerland', 'United Kingdom', 'United States']","['Blue Lagoon, Comino, Malta']","['Touchstone Pictures', 'Spyglass Entertainment', 'World 2000 Entertainment']",['English'],0,0,0,2002
https://www.imdb.com/title/tt0299977/?ref_=sr_t_49,31000000.0,177395557,53710019,17800000,['Yimou Zhang'],"['Feng Li', 'Yimou Zhang', 'Bin Wang']","['Jet Li', 'Tony Leung Chiu-wai', 'Maggie Cheung']","['Martial Arts', 'Wuxia', 'Action', 'Adventure', 'Drama']","['Hong Kong', 'China']","['Dunhuang, Gansu, China']","['Edko Films', 'Zhang Yimou Studio', 'China Film Co-Production Corporation']",['Mandarin'],46,48,1,2002
https://www.imdb.com/title/tt0250797/?ref_=sr_t_50,50000000.0,119137784,52775765,14065277,['Adrian Lyne'],"['Claude Chabrol', 'Alvin Sargent', 'William Broyles Jr.']","['Richard Gere', 'Diane Lane', 'Olivier Martinez']","['Dark Romance', 'Erotic Thriller', 'Steamy Romance', 'Drama', 'Romance', 'Thriller']","['United States', 'Germany', 'Switzerland']","['Nyack, New York, USA']","['Fox 2000 Pictures', 'New Regency Productions', 'Unfaithful Filmproduktion GmbH & Co. KG']","['English', 'French']",3,16,1,2002
https://www.imdb.com/title/tt0308506/?ref_=sr_t_51,30000000.0,62274780,51432760,12179420,['John Schultz'],"['Michael Elliot', 'Jordan Moffet']","['Shad Moss', 'Jonathan Lipnicki', 'Morris Chestnut']","['Basketball', 'Teen Fantasy', 'Comedy', 'Family', 'Fantasy', 'Sport']",['United States'],"['166 N Edgeware Rd, Los Angeles, California, USA']","['Twentieth Century Fox', 'Heller Highwater Productions', 'NBA Entertainment']",['English'],0,6,0,2002
https://www.imdb.com/title/tt0290095/?ref_=sr_t_52,60000000.0,104391623,50547998,15051028,['Kevin Donovan'],"['Phil Hay', 'Matt Manfredi', 'Michael J. Wilson']","['Jackie Chan', 'Jennifer Love Hewitt', 'Jason Isaacs']","['Buddy Comedy', 'Martial Arts', 'Action', 'Comedy', 'Sci-Fi']",['United States'],"['Toronto, Ontario, Canada']","['Amblin Entertainment', 'Blue Train Productions', 'Dreamworks Pictures']","['English', 'Cantonese']",2,0,0,2002
https://www.imdb.com/title/tt0280030/?ref_=sr_t_53,20000000.0,115121981,48430258,11889631,"['Robin Budd', 'Donovan Cook']","['Temple Mathews', 'Carter Crocker', 'J.M. Barrie']","['Blayne Weaver', 'Harriet Owen', 'Corey Burton']","['Hand-Drawn Animation', 'Adventure', 'Animation', 'Family', 'Fantasy']","['United States', 'Canada', 'Australia']",[],"['Walt Disney Pictures', 'Disney Television Animation', 'Disneytoon Studios']","['North American Indian', 'French', 'English']",0,4,0,2002
https://www.imdb.com/title/tt0265298/?ref_=sr_t_54,15000000.0,52970014,48360547,11554015,['Shawn Levy'],"['Dan Schneider', 'Brian Robbins']","['Frankie Muniz', 'Amanda Bynes', 'Paul Giamatti']","['Slapstick', 'Adventure', 'Comedy', 'Family']","['United States', 'Germany', 'France']","['Denver Street, Backlot, Universal Studios - 100 Universal City Plaza, Universal City, California, USA']","['Paramount Pictures', 'Tollin/Robbins Productions', 'Mediastream Zweite Film GmbH & Co. Productions KG']",['English'],0,3,0,2002
https://www.imdb.com/title/tt0183649/?ref_=sr_t_55,13000000.0,97837138,46566212,15021088,['Joel Schumacher'],['Larry Cohen'],"['Colin Farrell', 'Kiefer Sutherland', 'Forest Whitaker']","['Psychological Thriller', 'Crime', 'Thriller']",['United States'],"['Los Angeles, California, USA']","['Fox 2000 Pictures', 'Zucker/Netter Productions']","['English', 'Swahili']",0,8,0,2002
https://www.imdb.com/title/tt0289043/?ref_=sr_t_56,8000000.0,84661434,45064915,10061858,['Danny Boyle'],['Alex Garland'],"['Cillian Murphy', 'Naomie Harris', 'Christopher Eccleston']","['Body Horror', 'Disaster', 'Dystopian Sci-Fi', 'Monster Horror', 'Psychological Horror', 'Road Trip', 'Sci-Fi Epic', 'Zombie Horror', 'Drama', 'Horror']",['United Kingdom'],"['Badminton House, Badminton Estate, Badminton, Gloucestershire, England, UK']","['British Film Council', 'DNA Films']","['English', 'Spanish']",10,32,0,2002
https://www.imdb.com/title/tt0253754/?ref_=sr_t_57,60000000.0,67336470,43254409,18513305,['Stuart Baird'],"['Gene Roddenberry', 'John Logan', 'Rick Berman']","['Patrick Stewart', 'Jonathan Frakes', 'Brent Spiner']","['Action', 'Adventure', 'Sci-Fi', 'Thriller']",['United States'],"['El Mirage Dry Lake, California, USA']",['Paramount Pictures'],['English'],0,4,0,2002
https://www.imdb.com/title/tt0253556/?ref_=sr_t_58,60000000.0,82150183,43061982,15632281,['Rob Bowman'],"['Gregg Chabot', 'Kevin Peterka', 'Matt Greenberg']","['Matthew McConaughey', 'Christian Bale', 'Izabella Scorupco']","['Dark Fantasy', 'Action', 'Adventure', 'Fantasy', 'Thriller']",['United States'],"['Wicklow Gap, County Wicklow, Ireland']","['Touchstone Pictures', 'Spyglass Entertainment', 'The Zanuck Company']",['English'],0,3,0,2002
https://www.imdb.com/title/tt0274558/?ref_=sr_t_59,25000000.0,108846217,41675994,338622,['Stephen Daldry'],"['Michael Cunningham', 'David Hare']","['Meryl Streep', 'Nicole Kidman', 'Julianne Moore']","['Tragedy', 'Drama', 'Romance']",['United States'],"['London, England, UK']","['Paramount Pictures', 'Miramax', 'Scott Rudin Productions']",['English'],43,126,1,2002
https://www.imdb.com/title/tt0257756/?ref_=sr_t_60,42000000.0,63781810,41543917,14005550,['Carl Franklin'],"['Joseph Finder', 'Yuri Zeltser', 'Grace Cary Bickley']","['Jim Caviezel', 'Morgan Freeman', 'Ashley Judd']","['Legal Thriller', 'Crime', 'Drama', 'Mystery', 'Thriller']",['United States'],"['Burbank, California, USA']","['Twentieth Century Fox', 'New Regency Productions', 'New Regency Productions']","['English', 'Spanish']",0,2,0,2002
https://www.imdb.com/title/tt0276751/?ref_=sr_t_61,30000000.0,130549455,41385278,8557630,"['Chris Weitz', 'Paul Weitz']","['Nick Hornby', 'Peter Hedges', 'Chris Weitz']","['Hugh Grant', 'Nicholas Hoult', 'Toni Collette']","['Comedy', 'Drama', 'Romance']","['United Kingdom', 'United States', 'France']","['Lady Margaret Road, Kentish Town, London, England, UK']","['Universal Pictures', 'StudioCanal', 'Tribeca Productions']",['English'],11,30,1,2002
https://www.imdb.com/title/tt0281358/?ref_=sr_t_62,11800000.0,47494916,41281092,12177488,['Adam Shankman'],"['Nicholas Sparks', 'Karen Janszen']","['Mandy Moore', 'Shane West', 'Peter Coyote']","['Teen Drama', 'Teen Romance', 'Tragedy', 'Tragic Romance', 'Drama', 'Romance']",['United States'],"['Southport, North Carolina, USA']","['Warner Bros.', 'Pandora Cinema', 'DiNovi Pictures']",['English'],4,2,0,2002
https://www.imdb.com/title/tt0273923/?ref_=sr_t_63,18000000.0,43325009,41076018,15053226,['Jake Kasdan'],['Mike White'],"['Colin Hanks', 'Jack Black', 'Schuyler Fisk']","['Teen Comedy', 'Comedy', 'Drama']",['United States'],"['24763 Wooded Vista, West Hills, California, USA']","['Paramount Pictures', 'MTV Films', 'Scott Rudin Productions']","['English', 'Spanish']",0,3,0,2002
https://www.imdb.com/title/tt0245562/?ref_=sr_t_64,115000000.0,77628265,40914068,14520412,['John Woo'],"['John Rice', 'Joe Batteer']","['Nicolas Cage', 'Adam Beach', 'Peter Stormare']","['War Epic', 'Action', 'Drama', 'War']",['United States'],"[""Dillingham Estate - 68434 Farrington Highway, Mokulë`ia, O'ahu, Hawaii, USA""]","['Metro-Goldwyn-Mayer (MGM)', 'Lion Rock Productions']","['English', 'Navajo', 'Japanese']",3,6,0,2002
https://www.imdb.com/title/tt0300532/?ref_=sr_t_65,25000000.0,51843679,40390647,14169455,['John Stockwell'],"['Susan Orlean', 'Lizzy Weiss', 'John Stockwell']","['Kate Bosworth', 'Michelle Rodriguez', 'Matthew Davis']","['Coming-of-Age', 'Extreme Sport', 'Football', 'Water Sport', 'Drama', 'Romance', 'Sport']","['United States', 'Germany']","[""Hawaii Film Studio - 510 18th Ave, Honolulu, O'ahu, Hawaii, USA""]","['Universal Pictures', 'Imagine Entertainment', 'Mikona Productions GmbH & Co. KG']",['English'],0,7,0,2002
https://www.imdb.com/title/tt0295427/?ref_=sr_t_66,16000000.0,43411001,40388794,12554650,['Perry Andelin Blake'],"['Dana Carvey', 'Harris Goldberg']","['Dana Carvey', 'Jennifer Esposito', 'Harold Gould']","['Slapstick', 'Adventure', 'Comedy', 'Family', 'Fantasy']",['United States'],"['Los Angeles, California, USA']","['Revolution Studios', 'Happy Madison Productions', 'Out of the Blue... Entertainment']",['English'],0,6,0,2002
https://www.imdb.com/title/tt0120804/?ref_=sr_t_67,33000000.0,102984862,40119709,17707106,['Paul W.S. Anderson'],['Paul W.S. Anderson'],"['Milla Jovovich', 'Michelle Rodriguez', 'Ryan McCluskey']","['Zombie Horror', 'Action', 'Horror', 'Sci-Fi']","['Germany', 'United Kingdom', 'France', 'Japan', 'United States']","['Reichstag subway tunnel, Berlin, Germany']","['Constantin Film', 'New Legacy', 'Davis Films']",['English'],0,7,0,2002
https://www.imdb.com/title/tt0282120/?ref_=sr_t_68,25000000.0,60694737,40108697,6013847,"['Cathy Malkasian', 'Jeff McGrath']","['Kate Boutilier', 'Arlene Klasky', 'Gabor Csupo']","['Tim Curry', 'Rupert Everett', 'Flea']","['Hand-Drawn Animation', 'Adventure', 'Animation', 'Comedy', 'Family', 'Fantasy']","['United States', 'Hungary']",[],"['Paramount Pictures', 'Nickelodeon Movies', 'Klasky-Csupo']",['English'],0,13,1,2002
https://www.imdb.com/title/tt0233469/?ref_=sr_t_69,85000000.0,78382433,40077257,15058432,['Andrew Davis'],"['Ronald Roose', 'David Griffiths', 'Peter Griffiths']","['Arnold Schwarzenegger', 'John Leguizamo', 'Francesca Neri']","['Action', 'Drama', 'Thriller']","['United States', 'Mexico']","['La Antigua, Veracruz, Mexico']","['Warner Bros.', 'Bel Air Entertainment', 'David Foster Productions']","['English', 'Spanish']",0,0,0,2002
https://www.imdb.com/title/tt0278435/?ref_=sr_t_70,38000000.0,51806184,40007742,14009653,['Michael Apted'],['Nicholas Kazan'],"['Jennifer Lopez', 'Billy Campbell', 'Tessa Allen']","['Crime', 'Drama', 'Thriller']",['United States'],"['Gig Harbor, Washington, USA']","['Columbia Pictures', 'Winkler Films']",['English'],0,4,0,2002
https://www.imdb.com/title/tt0279493/?ref_=sr_t_71,25000000.0,41604473,39089928,12037685,['Malcolm D. Lee'],"['John Ridley', 'Michael McCullers']","['Eddie Griffin', 'Denise Richards', 'Aunjanue Ellis-Taylor']","['Parody', 'Action', 'Comedy']",['United States'],"['R.C. Harris Water Filtration Plant, Scarborough, Toronto, Ontario, Canada']","['Universal Pictures', 'Imagine Entertainment', 'Urban Media']",['English'],0,7,0,2002
https://www.imdb.com/title/tt0133240/?ref_=sr_t_72,140000000.0,110041363,38176783,12083248,"['Ron Clements', 'John Musker']","['Robert Louis Stevenson', 'Ron Clements', 'John Musker']","['Joseph Gordon-Levitt', 'Emma Thompson', 'Martin Short']","['Hand-Drawn Animation', 'Space Sci-Fi', 'Steampunk', 'Swashbuckler', 'Adventure', 'Animation', 'Family', 'Fantasy', 'Sci-Fi']","['United States', 'Japan']","['Walt Disney Feature Animation - 500 S. Buena Vista Street, Burbank, California, USA']","['Walt Disney Pictures', 'Walt Disney Animation Studios', 'Walt Disney Feature Animation']",['English'],0,14,1,2002
https://www.imdb.com/title/tt0284490/?ref_=sr_t_73,85000000.0,77885672,38082712,15011430,['Tom Dey'],"['Jorge Saralegui', 'Keith Sharon', 'Alfred Gough']","['Robert De Niro', 'Eddie Murphy', 'Rene Russo']","['Buddy Cop', 'Action', 'Comedy', 'Crime']","['United States', 'Australia']","['Westin Bonaventure Hotel & Suites - 404 S. Figueroa Street, Downtown, Los Angeles, California, USA']","['Warner Bros.', 'Village Roadshow Pictures', 'NPV Entertainment']",['English'],0,6,0,2002
https://www.imdb.com/title/tt0243736/?ref_=sr_t_74,17000000.0,95146283,37950822,12229529,['Michael Lehmann'],['Rob Perez'],"['Josh Hartnett', 'Shannyn Sossamon', 'Paulo Costanzo']","['Raunchy Comedy', 'Comedy', 'Romance']","['United States', 'United Kingdom', 'France', 'Canada']","['San Francisco, California, USA']","['Miramax', 'Milo Productions', 'StudioCanal']",['English'],0,2,0,2002
https://www.imdb.com/title/tt0275022/?ref_=sr_t_75,12000000.0,61733108,37581825,14527187,['Tamra Davis'],['Shonda Rhimes'],"['Britney Spears', 'Anson Mount', 'Zoe Saldaña']","['Coming-of-Age', 'Road Trip', 'Romantic Comedy', 'Teen Comedy', 'Teen Drama', 'Comedy', 'Drama', 'Romance']",['United States'],"['Ambassador Hotel - 3400 Wilshire Boulevard, Los Angeles, California, USA']","['Fuzzy Bunny Films (I)', 'MTV Films', 'Paramount Pictures']",['English'],2,15,0,2002
https://www.imdb.com/title/tt0157472/?ref_=sr_t_76,26000000.0,38793283,36989956,10108333,['Jonathan Frakes'],"['Rob Hedden', 'Andy Hedden', 'J. David Stem']","['Jesse Bradford', 'French Stewart', 'Paula Garcés']","['Time Travel', 'Action', 'Adventure', 'Comedy', 'Sci-Fi', 'Thriller']",['United States'],"['Santa Clarita, California, USA']","['Paramount Pictures', 'Nickelodeon Movies', 'Valhalla Motion Pictures']",['English'],0,0,0,2002
https://www.imdb.com/title/tt0265349/?ref_=sr_t_77,32000000.0,55305279,35746370,11208851,['Mark Pellington'],"['Richard Hatem', 'John A. Keel']","['Richard Gere', 'Laura Linney', 'David Eigenberg']","['Psychological Horror', 'Supernatural Horror', 'Drama', 'Horror', 'Mystery', 'Thriller']",['United States'],"['Mellon Square, Pittsburgh, Pennsylvania, USA']",['Lakeshore Entertainment'],['English'],0,2,0,2002
https://www.imdb.com/title/tt0267626/?ref_=sr_t_78,100000000.0,65716126,35168966,12778459,['Kathryn Bigelow'],"['Louis Nowra', 'Christopher Kyle']","['Harrison Ford', 'Sam Spruell', 'Peter Stebbings']","['Drama', 'History', 'Thriller', 'War']","['United Kingdom', 'Germany', 'Canada', 'United States']","['Gimli, Manitoba, Canada']","['First Light Production', 'IMF Internationale Medien und Film GmbH & Co. 2. Produktions KG', 'Intermedia Films']","['English', 'Russian']",0,2,0,2002
https://www.imdb.com/title/tt0302640/?ref_=sr_t_79,34000000.0,54639553,35081594,7401146,['Tom Brady'],"['Tom Brady', 'Rob Schneider']","['Rob Schneider', 'Rachel McAdams', 'Anna Faris']","['Body Swap Comedy', 'Teen Comedy', 'Comedy', 'Fantasy']",['United States'],"['Montebello, California, USA']","['Touchstone Pictures', 'Happy Madison Productions']",['English'],0,4,0,2002
https://www.imdb.com/title/tt0297181/?ref_=sr_t_80,70000000.0,51386477,33561137,12752803,['Betty Thomas'],"['Morton S. Fine', 'David Friedkin', 'Marianne Wibberley']","['Eddie Murphy', 'Owen Wilson', 'Famke Janssen']","['Buddy Cop', 'Parody', 'Spy', 'Action', 'Adventure', 'Comedy', 'Thriller']",['United States'],"['Buda Castle, Várkerület, Budapest, Hungary']","['Columbia Pictures', 'Tall Trees Productions', 'C-2 Pictures']","['English', 'Hungarian', 'Russian']",2,6,0,2002
https://www.imdb.com/title/tt0293815/?ref_=sr_t_81,10000000.0,33526835,33253609,13010767,['Marcus Raboy'],"['Ice Cube', 'DJ Pooh']","['Ice Cube', 'Mike Epps', 'John Witherspoon']","['Holiday Comedy', 'Stoner Comedy', 'Comedy', 'Drama', 'Holiday']",['United States'],"['Carson Street, Torrance, California, USA']","['Avery Pix', 'Cube Vision', 'New Line Cinema']",['English'],0,0,0,2002
https://www.imdb.com/title/tt0253474/?ref_=sr_t_82,35000000.0,120098945,32590750,111261,['Roman Polanski'],"['Ronald Harwood', 'Wladyslaw Szpilman']","['Adrien Brody', 'Thomas Kretschmann', 'Frank Finlay']","['Docudrama', 'Epic', 'Period Drama', 'Tragedy', 'War Epic', 'Biography', 'Drama', 'Music', 'War']","['France', 'Poland', 'Germany', 'United Kingdom', 'United States']","['Instalatorów, Ochota, Warsaw, Mazowieckie, Poland']","['R.P. Productions', 'Heritage Films', 'Studio Babelsberg']","['English', 'German', 'Russian']",57,74,3,2002
https://www.imdb.com/title/tt0286499/?ref_=sr_t_83,3500159.0,76585951,32543449,161528,['Gurinder Chadha'],"['Gurinder Chadha', 'Guljit Bindra', 'Paul Mayeda Berges']","['Parminder Nagra', 'Keira Knightley', 'Jonathan Rhys Meyers']","['Coming-of-Age', 'Soccer', 'Comedy', 'Drama', 'Romance', 'Sport']","['United Kingdom', 'Germany', 'United States']","['Hamburg, Germany']","['Kintop Pictures', 'UK Film Council', 'Filmförderung Hamburg']","['English', 'Punjabi', 'Hindi', 'German']",17,20,0,2002
https://www.imdb.com/title/tt0289848/?ref_=sr_t_84,60000000.0,55003135,32130627,11034422,['Harold Ramis'],"['Kenneth Lonergan', 'Peter Tolan', 'Peter Steinfeld']","['Robert De Niro', 'Billy Crystal', 'Lisa Kudrow']","['Buddy Comedy', 'Comedy', 'Crime']",['United States'],"['Bayonne, New Jersey, USA']","['Warner Bros.', 'Village Roadshow Pictures', 'NPV Entertainment']",['English'],0,0,0,2002
https://www.imdb.com/title/tt0264935/?ref_=sr_t_85,50000000.0,56714147,31945749,9307394,['Barbet Schroeder'],['Tony Gayton'],"['Sandra Bullock', 'Ben Chaplin', 'Ryan Gosling']","['Psychological Thriller', 'Crime', 'Mystery', 'Thriller']",['United States'],"['San Luis Obispo, California, USA']","['Warner Bros.', 'Castle Rock Entertainment', 'Schroeder Hoffman Productions']",['English'],0,2,0,2002
https://www.imdb.com/title/tt0265459/?ref_=sr_t_86,12000000.0,52223306,31597131,321515,['Mark Romanek'],['Mark Romanek'],"['Robin Williams', 'Connie Nielsen', 'Michael Vartan']","['Erotic Thriller', 'Psychological Thriller', 'Drama', 'Thriller']",['United States'],"['Brentwood, Los Angeles, California, USA']","['Fox Searchlight Pictures', 'Catch 23 Entertainment', 'Killer Films']",['English'],6,22,0,2002
https://www.imdb.com/title/tt0220506/?ref_=sr_t_87,13000000.0,37664855,30354442,12292121,['Rick Rosenthal'],"['Debra Hill', 'John Carpenter', 'Larry Brand']","['Jamie Lee Curtis', 'Busta Rhymes', 'Brad Loree']","['Slasher Horror', 'Teen Horror', 'Horror', 'Thriller']","['United States', 'Canada']","['Riverview Hospital, Coquitlam, British Columbia, Canada']","['Dimension Films', 'Nightfall Productions', 'Aon/Ruben-Winkler Entertainment Insurance']",['English'],0,0,0,2002
https://www.imdb.com/title/tt0238546/?ref_=sr_t_88,35000000.0,45479110,30336800,14757535,['Michael Rymer'],"['Anne Rice', 'Scott Abbott', 'Michael Petroni']","['Aaliyah', 'Stuart Townsend', 'Marguerite Moreau']","['Vampire Horror', 'Drama', 'Fantasy', 'Horror']","['United States', 'Australia']","['St. Albans, Victoria, Australia']","['Warner Bros.', 'Village Roadshow Pictures', 'NPV Entertainment']",['English'],0,7,0,2002
https://www.imdb.com/title/tt0259288/?ref_=sr_t_89,60000000.0,52323400,30323400,10216025,['Tom Shadyac'],"['Brandon Camp', 'Mike Thompson', 'David Seltzer']","['Kevin Costner', 'Susanna Thompson', 'Joe Morton']","['Dark Comedy', 'Tragedy', 'Drama', 'Fantasy', 'Mystery', 'Romance', 'Thriller']","['United States', 'Germany']",['Venezuela'],"['Universal Pictures', 'Spyglass Entertainment', 'Gran Via Productions']","['English', 'Spanish']",0,0,0,2002
https://www.imdb.com/title/tt0280460/?ref_=sr_t_90,10000000.0,38068353,30307416,10037846,['Bob Dolman'],['Bob Dolman'],"['Susan Sarandon', 'Goldie Hawn', 'Geoffrey Rush']","['Buddy Comedy', 'Screwball Comedy', 'Comedy', 'Drama']",['United States'],"['Valencia, California, USA']","['Fox Searchlight Pictures', 'Gran Via Productions', 'Elizabeth Cantillon Productions']",['English'],0,0,0,2002
https://www.imdb.com/title/tt0280486/?ref_=sr_t_91,70000000.0,66200782,30160161,11007367,['Joel Schumacher'],"['Gary M. Goodman', 'David Himmelstein', 'Jason Richman']","['Anthony Hopkins', 'Chris Rock', 'Matthew Marsh']","['Spy', 'Action', 'Comedy', 'Thriller']","['Czech Republic', 'United States']","['Brooklyn Bridge, New York City, New York, USA']","['Touchstone Pictures', 'Jerry Bruckheimer Films', 'Stillking Films']",['English'],0,0,0,2002
https://www.imdb.com/title/tt0288477/?ref_=sr_t_92,20000000.0,68349884,30113491,11503423,['Steve Beck'],"['Mark Hanlon', 'John Pogue']","['Julianna Margulies', 'Gabriel Byrne', 'Ron Eldard']","['Supernatural Horror', 'Horror', 'Mystery', 'Thriller']","['United States', 'Australia']","['Gold Coast, Queensland, Australia']","['Warner Bros.', 'Village Roadshow Pictures', 'NPV Entertainment']","['English', 'Italian', 'Spanish']",0,0,0,2002
https://www.imdb.com/title/tt0241760/?ref_=sr_t_93,13000000.0,31167388,29760152,9007833,['Ed Decter'],['David Kendall'],"['DJ Qualls', 'Lyle Lovett', 'Eliza Dushku']",['Comedy'],['United States'],"['San Marcos, Texas, USA']","['Revolution Studios', 'Bedlam Pictures', 'Frontier Pictures']",['English'],0,0,0,2002
https://www.imdb.com/title/tt0283026/?ref_=sr_t_94,10000000.0,34411240,28564995,11326601,['John Polson'],"['Charles F. Bohl', 'Phillip Schneider']","['Jesse Bradford', 'Erika Christensen', 'Shiri Appleby']","['Drama', 'Thriller']",['United States'],"['Bayonne High School - Avenue A & 28th Street, Bayonne, New Jersey, USA']","['Twentieth Century Fox', 'GreeneStreet Films', 'Cobalt Media Group']",['English'],0,0,0,2002
https://www.imdb.com/title/tt0305396/?ref_=sr_t_95,12000000.0,33082548,28442574,9537123,['John Stainton'],"['John Stainton', 'Holly Goldberg Sloan']","['Steve Irwin', 'Terri Irwin', 'Magda Szubanski']","['Action', 'Adventure', 'Comedy', 'Family']","['Australia', 'United States']","['Canberra, Australian Capital Territory, Australia']","['Metro-Goldwyn-Mayer (MGM)', 'The Best Picture Show Company', 'Cheyenne Enterprises']",['English'],0,0,0,2002
https://www.imdb.com/title/tt0297037/?ref_=sr_t_96,8000000.0,28316451,27363891,10738882,['Rick Famuyiwa'],"['Michael Elliot', 'Rick Famuyiwa']","['Taye Diggs', 'Sanaa Lathan', 'Yasiin Bey']","['Feel-Good Romance', 'Comedy', 'Drama', 'Music', 'Romance']",['United States'],"['Central Park, Manhattan, New York City, New York, USA']","['Fox Searchlight Pictures', 'Evergreen Productions', 'Heller Highwater Productions']",['English'],2,18,0,2002
https://www.imdb.com/title/tt0309377/?ref_=sr_t_97,50000000.0,31794718,26235081,7312413,['Clint Eastwood'],"['Michael Connelly', 'Brian Helgeland']","['Clint Eastwood', 'Jeff Daniels', 'Anjelica Huston']","['Serial Killer', 'Action', 'Crime', 'Drama', 'Mystery', 'Thriller']",['United States'],"['Long Beach, California, USA']","['Malpaso Productions', 'Warner Bros.']","['English', 'Spanish']",2,0,0,2002
https://www.imdb.com/title/tt0278295/?ref_=sr_t_98,15000000.0,26306533,25916319,10007291,['Kevin Bray'],"['Ronald Lang', 'Ice Cube']","['Ice Cube', 'Mike Epps', 'Tommy Flanagan']","['Buddy Comedy', 'Caper', 'Dark Comedy', 'Action', 'Comedy', 'Crime', 'Thriller']","['United States', 'Germany']","['Hollywood, Florida, USA']","['New Line Cinema', 'Cube Vision', 'Flipside Entertainment']","['English', 'French']",0,0,0,2002
https://www.imdb.com/title/tt0120679/?ref_=sr_t_99,12000000.0,56298474,25885000,205996,['Julie Taymor'],"['Hayden Herrera', 'Clancy Sigal', 'Diane Lake']","['Salma Hayek', 'Alfred Molina', 'Geoffrey Rush']","['Docudrama', 'Period Drama', 'Biography', 'Drama', 'Romance']",['United States'],"['San Luis Potosi, San Luis Potosí, Mexico']","['Handprint Entertainment', 'Lionsgate', 'Miramax']","['English', 'French', 'Russian']",17,47,2,2002
https://www.imdb.com/title/tt0298388/?ref_=sr_t_100,14000000.0,25621297,25581229,6201345,"['Phil Vischer', 'Mike Nawrocki']","['Phil Vischer', 'Mike Nawrocki', 'Tim Hodge']","['Phil Vischer', 'Mike Nawrocki', 'Tim Hodge']","['Computer Animation', 'Swashbuckler', 'Adventure', 'Animation', 'Comedy', 'Drama', 'Family', 'Musical']",['United States'],"['Lombard, Illinois, USA']","['Big Idea Productions', 'Family Home Entertainment (FHE)']",['English'],0,2,0,2002
